년도,시도,시군구,우울증환자수,1인당 정신건강예산(원),공공시설개수
2018,강원,강릉시,4360,7147,163
2018,강원,고성군,0,7147,59
2018,강원,동해시,1337,7147,11
2018,강원,삼척시,1059,7147,49
2018,강원,속초시,1459,7147,92
2018,강원,양구군,30,7147,10
2018,강원,양양군,25,7147,18
2018,강원,영월군,258,7147,42
2018,강원,원주시,8382,7147,193
2018,강원,인제군,23,7147,32
2018,강원,정선군,19,7147,65
2018,강원,철원군,17,7147,45
2018,강원,춘천시,5074,7147,277
2018,강원,태백시,240,7147,45
2018,강원,평창군,161,7147,50
2018,강원,홍천군,1385,7147,49
2018,강원,화천군,33,7147,32
2018,강원,횡성군,101,7147,64
2018,경기,가평군,501,4376,15
2018,경기,고양덕양구,3760,4376,123
2018,경기,고양일산동구,8003,4376,78
2018,경기,고양일산서구,6853,4376,63
2018,경기,과천시,67,4376,23
2018,경기,광명시,3662,4376,88
2018,경기,광주시,3419,4376,56
2018,경기,구리시,3631,4376,68
2018,경기,군포시,3542,4376,128
2018,경기,김포시,2392,4376,191
2018,경기,남양주시,5697,4376,181
2018,경기,동두천시,1610,4376,43
2018,경기,부천시,13981,4376,196
2018,경기,성남분당구,20184,4376,147
2018,경기,성남수정구,3803,4376,28
2018,경기,성남중원구,2849,4376,46
2018,경기,수원권선구,2114,4376,147
2018,경기,수원영통구,5113,4376,93
2018,경기,수원장안구,3402,4376,60
2018,경기,수원팔달구,9645,4376,45
2018,경기,시흥시,3766,4376,144
2018,경기,안산단원구,7393,4376,91
2018,경기,안산상록구,2899,4376,108
2018,경기,안성시,929,4376,57
2018,경기,안양동안구,8645,4376,85
2018,경기,안양만안구,3617,4376,55
2018,경기,양주시,828,4376,101
2018,경기,양평군,764,4376,37
2018,경기,여주시,1783,4376,23
2018,경기,연천군,377,4376,18
2018,경기,오산시,2779,4376,112
2018,경기,용인기흥구,4460,4376,152
2018,경기,용인수지구,3658,4376,95
2018,경기,용인처인구,2290,4376,40
2018,경기,의왕시,843,4376,81
2018,경기,의정부시,10055,4376,113
2018,경기,이천시,4088,4376,38
2018,경기,파주시,2934,4376,162
2018,경기,평택시,5911,4376,538
2018,경기,포천시,541,4376,47
2018,경기,하남시,1495,4376,48
2018,경기,화성시,3651,4376,612
2018,경남,거제시,2135,2758,67
2018,경남,거창군,926,2758,16
2018,경남,고성군,207,2758,15
2018,경남,김해시,5330,2758,230
2018,경남,남해군,141,2758,2
2018,경남,밀양시,636,2758,33
2018,경남,사천시,720,2758,13
2018,경남,산청군,50,2758,13
2018,경남,양산시,4084,2758,148
2018,경남,의령군,73,2758,30
2018,경남,진주시,6433,2758,130
2018,경남,창녕군,509,2758,14
2018,경남,창원마산합포구,3260,2758,72
2018,경남,창원마산회원구,3314,2758,63
2018,경남,창원성산구,3680,2758,93
2018,경남,창원의창구,1669,2758,124
2018,경남,창원진해구,1312,2758,90
2018,경남,통영시,1486,2758,42
2018,경남,하동군,281,2758,4
2018,경남,함안군,277,2758,31
2018,경남,함양군,219,2758,6
2018,경남,합천군,193,2758,18
2018,경북,경산시,3170,4121,119
2018,경북,경주시,4554,4121,61
2018,경북,고령군,12,4121,4
2018,경북,구미시,5616,4121,181
2018,경북,군위군,66,4121,7
2018,경북,김천시,3133,4121,35
2018,경북,문경시,2414,4121,31
2018,경북,봉화군,128,4121,6
2018,경북,상주시,821,4121,52
2018,경북,성주군,70,4121,17
2018,경북,안동시,2648,4121,106
2018,경북,영덕군,210,4121,24
2018,경북,영양군,0,4121,4
2018,경북,영주시,1414,4121,69
2018,경북,영천시,1531,4121,25
2018,경북,예천군,134,4121,44
2018,경북,울릉군,0,4121,16
2018,경북,울진군,159,4121,18
2018,경북,의성군,183,4121,13
2018,경북,청도군,374,4121,9
2018,경북,청송군,98,4121,2
2018,경북,칠곡군,500,4121,50
2018,경북,포항남구,2662,4121,82
2018,경북,포항북구,4876,4121,85
2018,광주,광주광산구,5867,7995,366
2018,광주,광주남구,3088,7995,53
2018,광주,광주동구,4746,7995,83
2018,광주,광주북구,6789,7995,216
2018,광주,광주서구,3173,7995,168
2018,대구,대구남구,3703,3788,23
2018,대구,대구달서구,10385,3788,186
2018,대구,대구달성군,1199,3788,102
2018,대구,대구동구,5813,3788,109
2018,대구,대구북구,5189,3788,101
2018,대구,대구서구,2874,3788,21
2018,대구,대구수성구,9566,3788,87
2018,대구,대구중구,6044,3788,23
2018,대전,대전대덕구,2683,6716,84
2018,대전,대전동구,3117,6716,53
2018,대전,대전서구,10943,6716,115
2018,대전,대전유성구,3552,6716,161
2018,대전,대전중구,7810,6716,53
2018,부산,부산강서구,228,3872,88
2018,부산,부산금정구,2710,3872,40
2018,부산,부산기장군,2410,3872,131
2018,부산,부산남구,3054,3872,35
2018,부산,부산동구,5094,3872,7
2018,부산,부산동래구,5819,3872,45
2018,부산,부산북구,3669,3872,77
2018,부산,부산사상구,2773,3872,34
2018,부산,부산사하구,4083,3872,59
2018,부산,부산서구,2937,3872,6
2018,부산,부산수영구,8094,3872,20
2018,부산,부산연제구,4080,3872,28
2018,부산,부산영도구,2035,3872,16
2018,부산,부산중구,2243,3872,5
2018,부산,부산진구,10813,3872,27
2018,부산,부산해운대구,6655,3872,75
2018,서울,강남구,21672,5326,133
2018,서울,강동구,14858,5326,75
2018,서울,강북구,3002,5326,57
2018,서울,강서구,6220,5326,150
2018,서울,관악구,7717,5326,79
2018,서울,광진구,6917,5326,47
2018,서울,구로구,8525,5326,60
2018,서울,금천구,3079,5326,54
2018,서울,노원구,8952,5326,182
2018,서울,도봉구,2810,5326,72
2018,서울,동대문구,8382,5326,50
2018,서울,동작구,9006,5326,55
2018,서울,마포구,11217,5326,89
2018,서울,서대문구,7653,5326,57
2018,서울,서초구,15234,5326,139
2018,서울,성동구,3657,5326,50
2018,서울,성북구,5728,5326,51
2018,서울,송파구,12986,5326,145
2018,서울,양천구,5366,5326,98
2018,서울,영등포구,6891,5326,54
2018,서울,용산구,2370,5326,53
2018,서울,은평구,6134,5326,111
2018,서울,종로구,14837,5326,44
2018,서울,중구,4352,5326,42
2018,서울,중랑구,5718,5326,61
2018,세종,세종시,4062,3513,73
2018,울산,울산남구,8872,3836,118
2018,울산,울산동구,1542,3836,66
2018,울산,울산북구,533,3836,55
2018,울산,울산울주군,971,3836,107
2018,울산,울산중구,2588,3836,116
2018,인천,인천강화군,300,3151,4
2018,인천,인천계양구,4343,3151,60
2018,인천,인천남동구,8486,3151,160
2018,인천,인천동구,724,3151,14
2018,인천,인천미추홀구,5451,3151,34
2018,인천,인천부평구,11108,3151,94
2018,인천,인천서구,7344,3151,140
2018,인천,인천연수구,3671,3151,111
2018,인천,인천옹진군,0,3151,0
2018,인천,인천중구,4286,3151,129
2018,전남,강진군,377,4306,11
2018,전남,고흥군,1870,4306,25
2018,전남,곡성군,53,4306,17
2018,전남,광양시,772,4306,159
2018,전남,구례군,59,4306,3
2018,전남,나주시,1045,4306,99
2018,전남,담양군,243,4306,126
2018,전남,목포시,4919,4306,100
2018,전남,무안군,731,4306,27
2018,전남,보성군,276,4306,18
2018,전남,순천시,3076,4306,164
2018,전남,신안군,18,4306,10
2018,전남,여수시,2890,4306,161
2018,전남,영광군,597,4306,5
2018,전남,영암군,126,4306,10
2018,전남,완도군,40,4306,11
2018,전남,장성군,276,4306,29
2018,전남,장흥군,163,4306,12
2018,전남,진도군,49,4306,10
2018,전남,함평군,64,4306,14
2018,전남,해남군,1491,4306,57
2018,전남,화순군,685,4306,10
2018,전북,고창군,700,7554,19
2018,전북,군산시,3050,7554,154
2018,전북,김제시,1442,7554,1
2018,전북,남원시,2121,7554,16
2018,전북,무주군,18,7554,11
2018,전북,부안군,895,7554,36
2018,전북,순창군,266,7554,2
2018,전북,완주군,590,7554,66
2018,전북,익산시,3559,7554,109
2018,전북,임실군,17,7554,12
2018,전북,장수군,64,7554,6
2018,전북,전주덕진구,6666,7554,111
2018,전북,전주완산구,7221,7554,141
2018,전북,정읍시,1047,7554,15
2018,전북,진안군,133,7554,6
2018,제주,서귀포시,1987,5985,59
2018,제주,제주시,10000,5985,197
2018,충남,계룡시,0,5909,49
2018,충남,공주시,2932,5909,62
2018,충남,금산군,1021,5909,22
2018,충남,논산시,4023,5909,116
2018,충남,당진시,2716,5909,269
2018,충남,보령시,1210,5909,95
2018,충남,부여군,968,5909,29
2018,충남,서산시,1061,5909,197
2018,충남,서천군,1300,5909,35
2018,충남,아산시,4360,5909,121
2018,충남,예산군,261,5909,115
2018,충남,천안동남구,6482,5909,152
2018,충남,천안서북구,6102,5909,203
2018,충남,청양군,124,5909,29
2018,충남,태안군,467,5909,22
2018,충남,홍성군,2464,5909,149
2018,충북,괴산군,386,6051,21
2018,충북,단양군,22,6051,26
2018,충북,보은군,365,6051,8
2018,충북,영동군,759,6051,6
2018,충북,옥천군,494,6051,10
2018,충북,음성군,628,6051,43
2018,충북,제천시,3390,6051,68
2018,충북,증평군,286,6051,27
2018,충북,진천군,1228,6051,37
2018,충북,청주상당구,6365,6051,93
2018,충북,청주서원구,3901,6051,90
2018,충북,청주청원구,2943,6051,105
2018,충북,청주흥덕구,3233,6051,155
2018,충북,충주시,3117,6051,119
2019,강원,강릉시,4853,8050,173
2019,강원,고성군,0,8050,59
2019,강원,동해시,1263,8050,11
2019,강원,삼척시,1225,8050,49
2019,강원,속초시,1507,8050,92
2019,강원,양구군,10,8050,10
2019,강원,양양군,77,8050,18
2019,강원,영월군,216,8050,38
2019,강원,원주시,8999,8050,193
2019,강원,인제군,46,8050,32
2019,강원,정선군,10,8050,69
2019,강원,철원군,26,8050,48
2019,강원,춘천시,5389,8050,283
2019,강원,태백시,255,8050,45
2019,강원,평창군,149,8050,50
2019,강원,홍천군,1409,8050,49
2019,강원,화천군,0,8050,32
2019,강원,횡성군,136,8050,65
2019,경기,가평군,508,5312,17
2019,경기,고양덕양구,3650,5312,123
2019,경기,고양일산동구,8613,5312,78
2019,경기,고양일산서구,7042,5312,63
2019,경기,과천시,77,5312,23
2019,경기,광명시,4158,5312,89
2019,경기,광주시,3525,5312,57
2019,경기,구리시,3870,5312,68
2019,경기,군포시,4574,5312,129
2019,경기,김포시,2586,5312,191
2019,경기,남양주시,6523,5312,183
2019,경기,동두천시,2025,5312,44
2019,경기,부천시,14529,5312,199
2019,경기,성남분당구,19919,5312,135
2019,경기,성남수정구,3964,5312,26
2019,경기,성남중원구,2886,5312,42
2019,경기,수원권선구,2478,5312,145
2019,경기,수원영통구,4910,5312,89
2019,경기,수원장안구,3896,5312,58
2019,경기,수원팔달구,9329,5312,43
2019,경기,시흥시,4674,5312,144
2019,경기,안산단원구,8083,5312,91
2019,경기,안산상록구,2950,5312,108
2019,경기,안성시,1079,5312,57
2019,경기,안양동안구,8629,5312,85
2019,경기,안양만안구,3795,5312,55
2019,경기,양주시,1267,5312,104
2019,경기,양평군,795,5312,42
2019,경기,여주시,1960,5312,24
2019,경기,연천군,405,5312,18
2019,경기,오산시,3150,5312,114
2019,경기,용인기흥구,5231,5312,152
2019,경기,용인수지구,3861,5312,95
2019,경기,용인처인구,2313,5312,40
2019,경기,의왕시,826,5312,81
2019,경기,의정부시,10245,5312,114
2019,경기,이천시,4218,5312,38
2019,경기,파주시,3799,5312,162
2019,경기,평택시,6231,5312,539
2019,경기,포천시,797,5312,47
2019,경기,하남시,2532,5312,49
2019,경기,화성시,6027,5312,617
2019,경남,거제시,3074,3135,67
2019,경남,거창군,875,3135,16
2019,경남,고성군,238,3135,15
2019,경남,김해시,4933,3135,231
2019,경남,남해군,131,3135,5
2019,경남,밀양시,552,3135,33
2019,경남,사천시,708,3135,22
2019,경남,산청군,32,3135,13
2019,경남,양산시,4176,3135,149
2019,경남,의령군,105,3135,30
2019,경남,진주시,6972,3135,130
2019,경남,창녕군,445,3135,15
2019,경남,창원마산합포구,3258,3135,72
2019,경남,창원마산회원구,2843,3135,66
2019,경남,창원성산구,4125,3135,93
2019,경남,창원의창구,1879,3135,129
2019,경남,창원진해구,1297,3135,91
2019,경남,통영시,1468,3135,43
2019,경남,하동군,284,3135,4
2019,경남,함안군,261,3135,31
2019,경남,함양군,349,3135,6
2019,경남,합천군,217,3135,19
2019,경북,경산시,3462,5406,120
2019,경북,경주시,4586,5406,61
2019,경북,고령군,0,5406,4
2019,경북,구미시,6244,5406,180
2019,경북,군위군,68,5406,7
2019,경북,김천시,3445,5406,35
2019,경북,문경시,2508,5406,32
2019,경북,봉화군,113,5406,6
2019,경북,상주시,875,5406,53
2019,경북,성주군,101,5406,17
2019,경북,안동시,2688,5406,106
2019,경북,영덕군,211,5406,25
2019,경북,영양군,0,5406,4
2019,경북,영주시,1436,5406,70
2019,경북,영천시,1546,5406,27
2019,경북,예천군,191,5406,49
2019,경북,울릉군,0,5406,16
2019,경북,울진군,213,5406,19
2019,경북,의성군,200,5406,13
2019,경북,청도군,317,5406,9
2019,경북,청송군,146,5406,2
2019,경북,칠곡군,510,5406,51
2019,경북,포항남구,3040,5406,83
2019,경북,포항북구,4983,5406,89
2019,광주,광주광산구,6134,7787,371
2019,광주,광주남구,3211,7787,53
2019,광주,광주동구,3707,7787,83
2019,광주,광주북구,7073,7787,216
2019,광주,광주서구,4423,7787,169
2019,대구,대구남구,3314,3939,23
2019,대구,대구달서구,12551,3939,186
2019,대구,대구달성군,1556,3939,102
2019,대구,대구동구,6297,3939,115
2019,대구,대구북구,5858,3939,102
2019,대구,대구서구,2830,3939,21
2019,대구,대구수성구,10580,3939,90
2019,대구,대구중구,4554,3939,23
2019,대전,대전대덕구,2916,7249,84
2019,대전,대전동구,3251,7249,53
2019,대전,대전서구,11690,7249,115
2019,대전,대전유성구,3926,7249,162
2019,대전,대전중구,7983,7249,53
2019,부산,부산강서구,460,4495,88
2019,부산,부산금정구,3155,4495,40
2019,부산,부산기장군,2616,4495,132
2019,부산,부산남구,3271,4495,36
2019,부산,부산동구,5125,4495,7
2019,부산,부산동래구,6219,4495,45
2019,부산,부산북구,3972,4495,77
2019,부산,부산사상구,3312,4495,34
2019,부산,부산사하구,4650,4495,60
2019,부산,부산서구,2559,4495,6
2019,부산,부산수영구,8775,4495,21
2019,부산,부산연제구,4122,4495,28
2019,부산,부산영도구,2120,4495,16
2019,부산,부산중구,2281,4495,5
2019,부산,부산진구,11645,4495,27
2019,부산,부산해운대구,7122,4495,75
2019,서울,강남구,22900,5309,134
2019,서울,강동구,13047,5309,76
2019,서울,강북구,3386,5309,57
2019,서울,강서구,7714,5309,150
2019,서울,관악구,8661,5309,79
2019,서울,광진구,7759,5309,48
2019,서울,구로구,9225,5309,60
2019,서울,금천구,4392,5309,54
2019,서울,노원구,8713,5309,181
2019,서울,도봉구,3084,5309,72
2019,서울,동대문구,8093,5309,50
2019,서울,동작구,9438,5309,56
2019,서울,마포구,12929,5309,87
2019,서울,서대문구,8040,5309,57
2019,서울,서초구,17279,5309,140
2019,서울,성동구,4062,5309,50
2019,서울,성북구,6355,5309,52
2019,서울,송파구,14372,5309,145
2019,서울,양천구,5099,5309,97
2019,서울,영등포구,7037,5309,54
2019,서울,용산구,2682,5309,52
2019,서울,은평구,7136,5309,111
2019,서울,종로구,13895,5309,43
2019,서울,중구,5044,5309,47
2019,서울,중랑구,6625,5309,61
2019,세종,세종시,5395,2909,74
2019,울산,울산남구,9043,4193,119
2019,울산,울산동구,692,4193,68
2019,울산,울산북구,465,4193,59
2019,울산,울산울주군,999,4193,109
2019,울산,울산중구,3061,4193,117
2019,인천,인천강화군,285,3371,4
2019,인천,인천계양구,4859,3371,67
2019,인천,인천남동구,8712,3371,160
2019,인천,인천동구,721,3371,14
2019,인천,인천미추홀구,5925,3371,35
2019,인천,인천부평구,11768,3371,94
2019,인천,인천서구,8477,3371,140
2019,인천,인천연수구,4207,3371,112
2019,인천,인천옹진군,0,3371,0
2019,인천,인천중구,4534,3371,129
2019,전남,강진군,202,5118,11
2019,전남,고흥군,1808,5118,25
2019,전남,곡성군,88,5118,17
2019,전남,광양시,985,5118,159
2019,전남,구례군,50,5118,3
2019,전남,나주시,915,5118,99
2019,전남,담양군,323,5118,133
2019,전남,목포시,5074,5118,100
2019,전남,무안군,636,5118,26
2019,전남,보성군,293,5118,18
2019,전남,순천시,3176,5118,164
2019,전남,신안군,28,5118,10
2019,전남,여수시,2788,5118,162
2019,전남,영광군,692,5118,5
2019,전남,영암군,146,5118,9
2019,전남,완도군,41,5118,11
2019,전남,장성군,247,5118,29
2019,전남,장흥군,192,5118,12
2019,전남,진도군,49,5118,10
2019,전남,함평군,64,5118,14
2019,전남,해남군,1568,5118,61
2019,전남,화순군,536,5118,10
2019,전북,고창군,725,8865,15
2019,전북,군산시,2846,8865,155
2019,전북,김제시,1349,8865,1
2019,전북,남원시,2102,8865,17
2019,전북,무주군,12,8865,11
2019,전북,부안군,852,8865,35
2019,전북,순창군,283,8865,2
2019,전북,완주군,612,8865,67
2019,전북,익산시,3896,8865,109
2019,전북,임실군,11,8865,12
2019,전북,장수군,39,8865,6
2019,전북,전주덕진구,6319,8865,113
2019,전북,전주완산구,7937,8865,141
2019,전북,정읍시,1115,8865,15
2019,전북,진안군,149,8865,6
2019,제주,서귀포시,2231,6423,59
2019,제주,제주시,9884,6423,197
2019,충남,계룡시,0,7413,49
2019,충남,공주시,2978,7413,62
2019,충남,금산군,1113,7413,22
2019,충남,논산시,3756,7413,116
2019,충남,당진시,3088,7413,291
2019,충남,보령시,1233,7413,95
2019,충남,부여군,1209,7413,29
2019,충남,서산시,1263,7413,197
2019,충남,서천군,1180,7413,43
2019,충남,아산시,4361,7413,123
2019,충남,예산군,507,7413,115
2019,충남,천안동남구,5130,7413,153
2019,충남,천안서북구,6574,7413,203
2019,충남,청양군,263,7413,29
2019,충남,태안군,521,7413,22
2019,충남,홍성군,2476,7413,152
2019,충북,괴산군,440,7021,24
2019,충북,단양군,38,7021,26
2019,충북,보은군,362,7021,8
2019,충북,영동군,828,7021,6
2019,충북,옥천군,461,7021,10
2019,충북,음성군,813,7021,43
2019,충북,제천시,3620,7021,69
2019,충북,증평군,329,7021,29
2019,충북,진천군,1067,7021,37
2019,충북,청주상당구,6647,7021,94
2019,충북,청주서원구,4103,7021,90
2019,충북,청주청원구,3027,7021,106
2019,충북,청주흥덕구,4217,7021,155
2019,충북,충주시,3573,7021,123
2020,강원,강릉시,5179,7769,178
2020,강원,고성군,11,7769,59
2020,강원,동해시,1636,7769,11
2020,강원,삼척시,1269,7769,49
2020,강원,속초시,1853,7769,92
2020,강원,양구군,23,7769,10
2020,강원,양양군,88,7769,18
2020,강원,영월군,217,7769,40
2020,강원,원주시,7807,7769,193
2020,강원,인제군,80,7769,32
2020,강원,정선군,38,7769,73
2020,강원,철원군,43,7769,48
2020,강원,춘천시,6125,7769,283
2020,강원,태백시,260,7769,47
2020,강원,평창군,245,7769,53
2020,강원,홍천군,1522,7769,55
2020,강원,화천군,11,7769,32
2020,강원,횡성군,176,7769,65
2020,경기,가평군,463,5298,17
2020,경기,고양덕양구,3890,5298,122
2020,경기,고양일산동구,9212,5298,78
2020,경기,고양일산서구,7611,5298,63
2020,경기,과천시,65,5298,23
2020,경기,광명시,4448,5298,89
2020,경기,광주시,3851,5298,57
2020,경기,구리시,4397,5298,68
2020,경기,군포시,5030,5298,130
2020,경기,김포시,2808,5298,193
2020,경기,남양주시,7616,5298,184
2020,경기,동두천시,2252,5298,43
2020,경기,부천시,14399,5298,201
2020,경기,성남분당구,20716,5298,135
2020,경기,성남수정구,3997,5298,26
2020,경기,성남중원구,3230,5298,42
2020,경기,수원권선구,3105,5298,145
2020,경기,수원영통구,4477,5298,89
2020,경기,수원장안구,4110,5298,58
2020,경기,수원팔달구,9263,5298,43
2020,경기,시흥시,5101,5298,145
2020,경기,안산단원구,8720,5298,91
2020,경기,안산상록구,3238,5298,108
2020,경기,안성시,1305,5298,57
2020,경기,안양동안구,7299,5298,85
2020,경기,안양만안구,4371,5298,55
2020,경기,양주시,1755,5298,104
2020,경기,양평군,880,5298,43
2020,경기,여주시,2099,5298,24
2020,경기,연천군,324,5298,20
2020,경기,오산시,3411,5298,118
2020,경기,용인기흥구,6135,5298,152
2020,경기,용인수지구,4091,5298,95
2020,경기,용인처인구,2408,5298,40
2020,경기,의왕시,846,5298,83
2020,경기,의정부시,10278,5298,115
2020,경기,이천시,4337,5298,38
2020,경기,파주시,4530,5298,164
2020,경기,평택시,6790,5298,540
2020,경기,포천시,1023,5298,48
2020,경기,하남시,2884,5298,49
2020,경기,화성시,8452,5298,616
2020,경남,거제시,3654,3504,67
2020,경남,거창군,924,3504,16
2020,경남,고성군,236,3504,15
2020,경남,김해시,4788,3504,231
2020,경남,남해군,202,3504,5
2020,경남,밀양시,481,3504,34
2020,경남,사천시,699,3504,14
2020,경남,산청군,44,3504,13
2020,경남,양산시,4613,3504,151
2020,경남,의령군,106,3504,31
2020,경남,진주시,7248,3504,129
2020,경남,창녕군,493,3504,15
2020,경남,창원마산합포구,3372,3504,72
2020,경남,창원마산회원구,3155,3504,66
2020,경남,창원성산구,4574,3504,97
2020,경남,창원의창구,1994,3504,132
2020,경남,창원진해구,1452,3504,91
2020,경남,통영시,1571,3504,43
2020,경남,하동군,236,3504,4
2020,경남,함안군,239,3504,31
2020,경남,함양군,304,3504,6
2020,경남,합천군,184,3504,19
2020,경북,경산시,3548,6148,121
2020,경북,경주시,4266,6148,61
2020,경북,고령군,24,6148,4
2020,경북,구미시,6571,6148,182
2020,경북,군위군,65,6148,7
2020,경북,김천시,3262,6148,35
2020,경북,문경시,2595,6148,32
2020,경북,봉화군,76,6148,7
2020,경북,상주시,873,6148,54
2020,경북,성주군,80,6148,18
2020,경북,안동시,2887,6148,106
2020,경북,영덕군,241,6148,27
2020,경북,영양군,0,6148,4
2020,경북,영주시,1350,6148,71
2020,경북,영천시,1622,6148,27
2020,경북,예천군,117,6148,51
2020,경북,울릉군,0,6148,16
2020,경북,울진군,227,6148,19
2020,경북,의성군,185,6148,13
2020,경북,청도군,413,6148,9
2020,경북,청송군,75,6148,2
2020,경북,칠곡군,460,6148,51
2020,경북,포항남구,3735,6148,83
2020,경북,포항북구,5061,6148,93
2020,광주,광주광산구,6197,8314,374
2020,광주,광주남구,3278,8314,53
2020,광주,광주동구,3339,8314,82
2020,광주,광주북구,7910,8314,217
2020,광주,광주서구,5341,8314,170
2020,대구,대구남구,3205,4382,23
2020,대구,대구달서구,12382,4382,186
2020,대구,대구달성군,1917,4382,102
2020,대구,대구동구,5898,4382,115
2020,대구,대구북구,6365,4382,102
2020,대구,대구서구,2923,4382,20
2020,대구,대구수성구,10494,4382,91
2020,대구,대구중구,4509,4382,22
2020,대전,대전대덕구,2858,8492,84
2020,대전,대전동구,3324,8492,53
2020,대전,대전서구,12062,8492,115
2020,대전,대전유성구,4250,8492,162
2020,대전,대전중구,7017,8492,53
2020,부산,부산강서구,731,6373,88
2020,부산,부산금정구,3198,6373,40
2020,부산,부산기장군,2852,6373,132
2020,부산,부산남구,4190,6373,39
2020,부산,부산동구,5094,6373,7
2020,부산,부산동래구,6965,6373,45
2020,부산,부산북구,4043,6373,79
2020,부산,부산사상구,3458,6373,35
2020,부산,부산사하구,4791,6373,60
2020,부산,부산서구,1820,6373,6
2020,부산,부산수영구,9095,6373,21
2020,부산,부산연제구,4273,6373,28
2020,부산,부산영도구,2232,6373,16
2020,부산,부산중구,2253,6373,5
2020,부산,부산진구,11796,6373,28
2020,부산,부산해운대구,7502,6373,75
2020,서울,강남구,24134,5587,135
2020,서울,강동구,12522,5587,76
2020,서울,강북구,4063,5587,59
2020,서울,강서구,9249,5587,150
2020,서울,관악구,10175,5587,79
2020,서울,광진구,7451,5587,49
2020,서울,구로구,8965,5587,62
2020,서울,금천구,4870,5587,56
2020,서울,노원구,9220,5587,182
2020,서울,도봉구,3528,5587,73
2020,서울,동대문구,7555,5587,50
2020,서울,동작구,9733,5587,58
2020,서울,마포구,14511,5587,85
2020,서울,서대문구,7083,5587,58
2020,서울,서초구,15899,5587,141
2020,서울,성동구,4076,5587,49
2020,서울,성북구,6098,5587,55
2020,서울,송파구,15426,5587,145
2020,서울,양천구,5660,5587,98
2020,서울,영등포구,7176,5587,52
2020,서울,용산구,3237,5587,52
2020,서울,은평구,7865,5587,111
2020,서울,종로구,12664,5587,47
2020,서울,중구,5317,5587,49
2020,서울,중랑구,7835,5587,64
2020,세종,세종시,6755,3546,83
2020,울산,울산남구,8936,4669,121
2020,울산,울산동구,656,4669,68
2020,울산,울산북구,516,4669,62
2020,울산,울산울주군,1095,4669,111
2020,울산,울산중구,3294,4669,117
2020,인천,인천강화군,244,4291,4
2020,인천,인천계양구,4750,4291,68
2020,인천,인천남동구,8535,4291,160
2020,인천,인천동구,698,4291,14
2020,인천,인천미추홀구,6194,4291,35
2020,인천,인천부평구,11323,4291,94
2020,인천,인천서구,8958,4291,140
2020,인천,인천연수구,4084,4291,114
2020,인천,인천옹진군,0,4291,0
2020,인천,인천중구,3386,4291,129
2020,전남,강진군,173,6027,11
2020,전남,고흥군,1971,6027,25
2020,전남,곡성군,74,6027,18
2020,전남,광양시,1171,6027,159
2020,전남,구례군,69,6027,3
2020,전남,나주시,981,6027,99
2020,전남,담양군,297,6027,133
2020,전남,목포시,5582,6027,100
2020,전남,무안군,443,6027,26
2020,전남,보성군,278,6027,18
2020,전남,순천시,3281,6027,160
2020,전남,신안군,28,6027,10
2020,전남,여수시,2913,6027,162
2020,전남,영광군,665,6027,5
2020,전남,영암군,169,6027,9
2020,전남,완도군,71,6027,10
2020,전남,장성군,274,6027,29
2020,전남,장흥군,211,6027,12
2020,전남,진도군,86,6027,7
2020,전남,함평군,168,6027,14
2020,전남,해남군,1710,6027,58
2020,전남,화순군,615,6027,9
2020,전북,고창군,743,9609,19
2020,전북,군산시,3047,9609,151
2020,전북,김제시,1216,9609,1
2020,전북,남원시,2068,9609,14
2020,전북,무주군,53,9609,10
2020,전북,부안군,844,9609,35
2020,전북,순창군,251,9609,2
2020,전북,완주군,471,9609,68
2020,전북,익산시,4134,9609,109
2020,전북,임실군,22,9609,13
2020,전북,장수군,60,9609,6
2020,전북,전주덕진구,6224,9609,113
2020,전북,전주완산구,8117,9609,141
2020,전북,정읍시,1261,9609,15
2020,전북,진안군,119,9609,6
2020,제주,서귀포시,2293,6062,59
2020,제주,제주시,10406,6062,202
2020,충남,계룡시,20,7200,51
2020,충남,공주시,2718,7200,62
2020,충남,금산군,1098,7200,22
2020,충남,논산시,3726,7200,116
2020,충남,당진시,3623,7200,311
2020,충남,보령시,1281,7200,95
2020,충남,부여군,1407,7200,29
2020,충남,서산시,1280,7200,198
2020,충남,서천군,1105,7200,41
2020,충남,아산시,4622,7200,129
2020,충남,예산군,1190,7200,114
2020,충남,천안동남구,4608,7200,153
2020,충남,천안서북구,7311,7200,203
2020,충남,청양군,366,7200,29
2020,충남,태안군,570,7200,22
2020,충남,홍성군,2239,7200,168
2020,충북,괴산군,438,7693,24
2020,충북,단양군,23,7693,26
2020,충북,보은군,333,7693,8
2020,충북,영동군,962,7693,6
2020,충북,옥천군,535,7693,9
2020,충북,음성군,678,7693,43
2020,충북,제천시,3553,7693,69
2020,충북,증평군,447,7693,30
2020,충북,진천군,1225,7693,37
2020,충북,청주상당구,6756,7693,94
2020,충북,청주서원구,4164,7693,90
2020,충북,청주청원구,3159,7693,106
2020,충북,청주흥덕구,5112,7693,155
2020,충북,충주시,3867,7693,123
2021,강원,강릉시,5587,9946,176
2021,강원,고성군,0,9946,58
2021,강원,동해시,1540,9946,11
2021,강원,삼척시,1366,9946,49
2021,강원,속초시,1867,9946,91
2021,강원,양구군,34,9946,10
2021,강원,양양군,85,9946,18
2021,강원,영월군,229,9946,40
2021,강원,원주시,7766,9946,193
2021,강원,인제군,50,9946,31
2021,강원,정선군,37,9946,72
2021,강원,철원군,51,9946,48
2021,강원,춘천시,6575,9946,282
2021,강원,태백시,250,9946,47
2021,강원,평창군,258,9946,50
2021,강원,홍천군,1748,9946,55
2021,강원,화천군,10,9946,31
2021,강원,횡성군,151,9946,63
2021,경기,가평군,515,6207,16
2021,경기,고양덕양구,4690,6207,122
2021,경기,고양일산동구,9032,6207,78
2021,경기,고양일산서구,9040,6207,62
2021,경기,과천시,42,6207,23
2021,경기,광명시,5122,6207,88
2021,경기,광주시,4058,6207,55
2021,경기,구리시,5536,6207,66
2021,경기,군포시,5527,6207,127
2021,경기,김포시,3501,6207,191
2021,경기,남양주시,9653,6207,179
2021,경기,동두천시,2448,6207,41
2021,경기,부천시,16167,6207,199
2021,경기,성남분당구,22057,6207,135
2021,경기,성남수정구,5044,6207,26
2021,경기,성남중원구,3840,6207,42
2021,경기,수원권선구,3483,6207,145
2021,경기,수원영통구,5742,6207,89
2021,경기,수원장안구,4602,6207,58
2021,경기,수원팔달구,9701,6207,43
2021,경기,시흥시,6169,6207,143
2021,경기,안산단원구,8873,6207,91
2021,경기,안산상록구,3444,6207,108
2021,경기,안성시,1490,6207,56
2021,경기,안양동안구,7737,6207,83
2021,경기,안양만안구,5363,6207,52
2021,경기,양주시,2130,6207,101
2021,경기,양평군,950,6207,43
2021,경기,여주시,2414,6207,23
2021,경기,연천군,389,6207,18
2021,경기,오산시,3849,6207,118
2021,경기,용인기흥구,7045,6207,149
2021,경기,용인수지구,4782,6207,94
2021,경기,용인처인구,2888,6207,39
2021,경기,의왕시,1011,6207,80
2021,경기,의정부시,11138,6207,112
2021,경기,이천시,4855,6207,38
2021,경기,파주시,6073,6207,161
2021,경기,평택시,7718,6207,538
2021,경기,포천시,1067,6207,47
2021,경기,하남시,4209,6207,49
2021,경기,화성시,11051,6207,612
2021,경남,거제시,4080,5721,67
2021,경남,거창군,963,5721,15
2021,경남,고성군,224,5721,15
2021,경남,김해시,5152,5721,230
2021,경남,남해군,135,5721,5
2021,경남,밀양시,970,5721,31
2021,경남,사천시,641,5721,13
2021,경남,산청군,19,5721,14
2021,경남,양산시,4998,5721,148
2021,경남,의령군,124,5721,31
2021,경남,진주시,8075,5721,129
2021,경남,창녕군,625,5721,12
2021,경남,창원마산합포구,3459,5721,77
2021,경남,창원마산회원구,3252,5721,74
2021,경남,창원성산구,4989,5721,100
2021,경남,창원의창구,2978,5721,132
2021,경남,창원진해구,1957,5721,97
2021,경남,통영시,1588,5721,41
2021,경남,하동군,260,5721,4
2021,경남,함안군,235,5721,32
2021,경남,함양군,315,5721,6
2021,경남,합천군,151,5721,10
2021,경북,경산시,3824,8414,120
2021,경북,경주시,4498,8414,60
2021,경북,고령군,11,8414,4
2021,경북,구미시,7114,8414,176
2021,경북,군위군,38,8414,6
2021,경북,김천시,3188,8414,31
2021,경북,문경시,2730,8414,32
2021,경북,봉화군,80,8414,6
2021,경북,상주시,1061,8414,51
2021,경북,성주군,99,8414,18
2021,경북,안동시,2722,8414,105
2021,경북,영덕군,224,8414,27
2021,경북,영양군,0,8414,4
2021,경북,영주시,1406,8414,69
2021,경북,영천시,1486,8414,25
2021,경북,예천군,83,8414,49
2021,경북,울릉군,0,8414,14
2021,경북,울진군,394,8414,18
2021,경북,의성군,213,8414,13
2021,경북,청도군,445,8414,8
2021,경북,청송군,87,8414,1
2021,경북,칠곡군,492,8414,49
2021,경북,포항남구,3504,8414,83
2021,경북,포항북구,5579,8414,94
2021,광주,광주광산구,6704,9391,374
2021,광주,광주남구,3360,9391,51
2021,광주,광주동구,3183,9391,82
2021,광주,광주북구,8746,9391,216
2021,광주,광주서구,6760,9391,171
2021,대구,대구남구,3174,5133,22
2021,대구,대구달서구,12118,5133,186
2021,대구,대구달성군,2274,5133,99
2021,대구,대구동구,6183,5133,114
2021,대구,대구북구,7136,5133,102
2021,대구,대구서구,3228,5133,20
2021,대구,대구수성구,12090,5133,90
2021,대구,대구중구,4664,5133,22
2021,대전,대전대덕구,2905,9563,83
2021,대전,대전동구,3585,9563,52
2021,대전,대전서구,12066,9563,112
2021,대전,대전유성구,5444,9563,160
2021,대전,대전중구,6866,9563,52
2021,부산,부산강서구,1198,7275,88
2021,부산,부산금정구,4038,7275,40
2021,부산,부산기장군,3139,7275,132
2021,부산,부산남구,5188,7275,40
2021,부산,부산동구,4990,7275,6
2021,부산,부산동래구,8005,7275,49
2021,부산,부산북구,4189,7275,78
2021,부산,부산사상구,3565,7275,35
2021,부산,부산사하구,5068,7275,63
2021,부산,부산서구,908,7275,7
2021,부산,부산수영구,9878,7275,21
2021,부산,부산연제구,4659,7275,27
2021,부산,부산영도구,2383,7275,15
2021,부산,부산중구,2212,7275,5
2021,부산,부산진구,12973,7275,30
2021,부산,부산해운대구,8460,7275,73
2021,서울,강남구,28094,6208,132
2021,서울,강동구,13863,6208,76
2021,서울,강북구,4362,6208,59
2021,서울,강서구,11269,6208,150
2021,서울,관악구,12392,6208,78
2021,서울,광진구,7902,6208,46
2021,서울,구로구,9359,6208,61
2021,서울,금천구,5590,6208,55
2021,서울,노원구,9825,6208,181
2021,서울,도봉구,4222,6208,72
2021,서울,동대문구,7250,6208,47
2021,서울,동작구,10467,6208,57
2021,서울,마포구,16416,6208,86
2021,서울,서대문구,7792,6208,58
2021,서울,서초구,18079,6208,139
2021,서울,성동구,5097,6208,51
2021,서울,성북구,6248,6208,54
2021,서울,송파구,16742,6208,143
2021,서울,양천구,6551,6208,97
2021,서울,영등포구,8858,6208,53
2021,서울,용산구,3950,6208,50
2021,서울,은평구,8597,6208,110
2021,서울,종로구,12128,6208,45
2021,서울,중구,6153,6208,46
2021,서울,중랑구,8867,6208,61
2021,세종,세종시,8347,4129,85
2021,울산,울산남구,10169,5782,120
2021,울산,울산동구,494,5782,67
2021,울산,울산북구,608,5782,75
2021,울산,울산울주군,1118,5782,107
2021,울산,울산중구,3649,5782,117
2021,인천,인천강화군,220,5984,5
2021,인천,인천계양구,4866,5984,67
2021,인천,인천남동구,9909,5984,159
2021,인천,인천동구,702,5984,15
2021,인천,인천미추홀구,6558,5984,33
2021,인천,인천부평구,12470,5984,94
2021,인천,인천서구,9523,5984,140
2021,인천,인천연수구,3989,5984,113
2021,인천,인천옹진군,0,5984,0
2021,인천,인천중구,3979,5984,128
2021,전남,강진군,136,8377,10
2021,전남,고흥군,1855,8377,25
2021,전남,곡성군,87,8377,17
2021,전남,광양시,1165,8377,158
2021,전남,구례군,58,8377,2
2021,전남,나주시,996,8377,97
2021,전남,담양군,365,8377,132
2021,전남,목포시,6167,8377,99
2021,전남,무안군,537,8377,24
2021,전남,보성군,332,8377,14
2021,전남,순천시,4059,8377,160
2021,전남,신안군,28,8377,9
2021,전남,여수시,3107,8377,161
2021,전남,영광군,724,8377,4
2021,전남,영암군,177,8377,9
2021,전남,완도군,68,8377,10
2021,전남,장성군,274,8377,27
2021,전남,장흥군,228,8377,11
2021,전남,진도군,79,8377,7
2021,전남,함평군,164,8377,13
2021,전남,해남군,1872,8377,58
2021,전남,화순군,662,8377,9
2021,전북,고창군,859,12036,17
2021,전북,군산시,3011,12036,149
2021,전북,김제시,1182,12036,1
2021,전북,남원시,2114,12036,14
2021,전북,무주군,34,12036,10
2021,전북,부안군,805,12036,35
2021,전북,순창군,265,12036,2
2021,전북,완주군,432,12036,66
2021,전북,익산시,3563,12036,106
2021,전북,임실군,26,12036,13
2021,전북,장수군,70,12036,5
2021,전북,전주덕진구,6275,12036,112
2021,전북,전주완산구,8287,12036,140
2021,전북,정읍시,1405,12036,15
2021,전북,진안군,107,12036,6
2021,제주,서귀포시,2634,8319,56
2021,제주,제주시,10856,8319,199
2021,충남,계룡시,16,10528,51
2021,충남,공주시,2857,10528,61
2021,충남,금산군,988,10528,22
2021,충남,논산시,3887,10528,115
2021,충남,당진시,4515,10528,308
2021,충남,보령시,1309,10528,94
2021,충남,부여군,1692,10528,27
2021,충남,서산시,1406,10528,197
2021,충남,서천군,1161,10528,41
2021,충남,아산시,4603,10528,125
2021,충남,예산군,1737,10528,114
2021,충남,천안동남구,5061,10528,151
2021,충남,천안서북구,8694,10528,202
2021,충남,청양군,349,10528,29
2021,충남,태안군,641,10528,21
2021,충남,홍성군,2039,10528,168
2021,충북,괴산군,350,8927,24
2021,충북,단양군,20,8927,26
2021,충북,보은군,459,8927,7
2021,충북,영동군,1094,8927,4
2021,충북,옥천군,857,8927,9
2021,충북,음성군,696,8927,40
2021,충북,제천시,3918,8927,68
2021,충북,증평군,590,8927,30
2021,충북,진천군,1400,8927,36
2021,충북,청주상당구,7140,8927,91
2021,충북,청주서원구,4469,8927,89
2021,충북,청주청원구,3318,8927,105
2021,충북,청주흥덕구,5396,8927,153
2021,충북,충주시,3598,8927,122
2022,강원,강릉시,5900,12063,175
2022,강원,고성군,0,12063,58
2022,강원,동해시,1405,12063,11
2022,강원,삼척시,1593,12063,49
2022,강원,속초시,1711,12063,90
2022,강원,양구군,46,12063,10
2022,강원,양양군,118,12063,18
2022,강원,영월군,197,12063,40
2022,강원,원주시,8467,12063,193
2022,강원,인제군,0,12063,31
2022,강원,정선군,33,12063,72
2022,강원,철원군,26,12063,48
2022,강원,춘천시,6819,12063,280
2022,강원,태백시,194,12063,47
2022,강원,평창군,256,12063,48
2022,강원,홍천군,1694,12063,54
2022,강원,화천군,12,12063,30
2022,강원,횡성군,132,12063,62
2022,경기,가평군,589,6716,16
2022,경기,고양덕양구,6031,6716,122
2022,경기,고양일산동구,9470,6716,78
2022,경기,고양일산서구,9655,6716,62
2022,경기,과천시,32,6716,23
2022,경기,광명시,6559,6716,86
2022,경기,광주시,4288,6716,53
2022,경기,구리시,6092,6716,64
2022,경기,군포시,6066,6716,125
2022,경기,김포시,4495,6716,190
2022,경기,남양주시,12336,6716,175
2022,경기,동두천시,2443,6716,40
2022,경기,부천시,17492,6716,198
2022,경기,성남분당구,24329,6716,135
2022,경기,성남수정구,5337,6716,26
2022,경기,성남중원구,4434,6716,42
2022,경기,수원권선구,3444,6716,145
2022,경기,수원영통구,7425,6716,89
2022,경기,수원장안구,4869,6716,58
2022,경기,수원팔달구,11240,6716,43
2022,경기,시흥시,7091,6716,141
2022,경기,안산단원구,8762,6716,91
2022,경기,안산상록구,3773,6716,108
2022,경기,안성시,1499,6716,56
2022,경기,안양동안구,9154,6716,82
2022,경기,안양만안구,5765,6716,50
2022,경기,양주시,2241,6716,99
2022,경기,양평군,944,6716,43
2022,경기,여주시,2723,6716,22
2022,경기,연천군,448,6716,17
2022,경기,오산시,3952,6716,121
2022,경기,용인기흥구,7996,6716,147
2022,경기,용인수지구,6106,6716,94
2022,경기,용인처인구,3380,6716,39
2022,경기,의왕시,1171,6716,78
2022,경기,의정부시,12540,6716,110
2022,경기,이천시,4927,6716,38
2022,경기,파주시,7424,6716,163
2022,경기,평택시,9782,6716,537
2022,경기,포천시,897,6716,46
2022,경기,하남시,5586,6716,50
2022,경기,화성시,14075,6716,609
2022,경남,거제시,4131,6119,67
2022,경남,거창군,794,6119,14
2022,경남,고성군,178,6119,15
2022,경남,김해시,6023,6119,229
2022,경남,남해군,142,6119,5
2022,경남,밀양시,1551,6119,28
2022,경남,사천시,671,6119,12
2022,경남,산청군,50,6119,14
2022,경남,양산시,5829,6119,145
2022,경남,의령군,118,6119,31
2022,경남,진주시,9017,6119,130
2022,경남,창녕군,553,6119,10
2022,경남,창원마산합포구,3316,6119,77
2022,경남,창원마산회원구,2829,6119,74
2022,경남,창원성산구,5900,6119,99
2022,경남,창원의창구,2453,6119,132
2022,경남,창원진해구,1826,6119,96
2022,경남,통영시,1465,6119,39
2022,경남,하동군,244,6119,5
2022,경남,함안군,232,6119,30
2022,경남,함양군,283,6119,6
2022,경남,합천군,185,6119,1
2022,경북,경산시,4657,9057,120
2022,경북,경주시,4704,9057,59
2022,경북,고령군,0,9057,4
2022,경북,구미시,7714,9057,171
2022,경북,군위군,24,9057,6
2022,경북,김천시,3207,9057,28
2022,경북,문경시,2589,9057,32
2022,경북,봉화군,95,9057,6
2022,경북,상주시,1207,9057,48
2022,경북,성주군,64,9057,19
2022,경북,안동시,2749,9057,104
2022,경북,영덕군,178,9057,26
2022,경북,영양군,0,9057,4
2022,경북,영주시,1200,9057,69
2022,경북,영천시,1411,9057,24
2022,경북,예천군,82,9057,48
2022,경북,울릉군,0,9057,13
2022,경북,울진군,399,9057,18
2022,경북,의성군,182,9057,13
2022,경북,청도군,383,9057,8
2022,경북,청송군,91,9057,1
2022,경북,칠곡군,494,9057,47
2022,경북,포항남구,3526,9057,90
2022,경북,포항북구,5636,9057,94
2022,광주,광주광산구,6800,10054,374
2022,광주,광주남구,3634,10054,50
2022,광주,광주동구,3000,10054,82
2022,광주,광주북구,9997,10054,216
2022,광주,광주서구,7436,10054,171
2022,대구,대구남구,3185,6296,22
2022,대구,대구달서구,11767,6296,186
2022,대구,대구달성군,2689,6296,97
2022,대구,대구동구,6490,6296,114
2022,대구,대구북구,7607,6296,102
2022,대구,대구서구,3486,6296,21
2022,대구,대구수성구,13067,6296,91
2022,대구,대구중구,4799,6296,23
2022,대전,대전대덕구,2977,10246,83
2022,대전,대전동구,3695,10246,51
2022,대전,대전서구,12473,10246,110
2022,대전,대전유성구,6786,10246,158
2022,대전,대전중구,7428,10246,51
2022,부산,부산강서구,1284,8119,88
2022,부산,부산금정구,4509,8119,40
2022,부산,부산기장군,3714,8119,132
2022,부산,부산남구,6299,8119,42
2022,부산,부산동구,4804,8119,6
2022,부산,부산동래구,8668,8119,49
2022,부산,부산북구,4356,8119,81
2022,부산,부산사상구,3760,8119,35
2022,부산,부산사하구,5037,8119,62
2022,부산,부산서구,1323,8119,7
2022,부산,부산수영구,10332,8119,21
2022,부산,부산연제구,5650,8119,26
2022,부산,부산영도구,2538,8119,14
2022,부산,부산중구,1985,8119,5
2022,부산,부산진구,13813,8119,31
2022,부산,부산해운대구,8064,8119,72
2022,서울,강남구,32947,6845,130
2022,서울,강동구,14333,6845,76
2022,서울,강북구,4964,6845,59
2022,서울,강서구,12643,6845,151
2022,서울,관악구,14229,6845,78
2022,서울,광진구,8038,6845,43
2022,서울,구로구,10136,6845,61
2022,서울,금천구,6621,6845,54
2022,서울,노원구,10838,6845,180
2022,서울,도봉구,4856,6845,71
2022,서울,동대문구,7726,6845,45
2022,서울,동작구,11375,6845,57
2022,서울,마포구,18669,6845,87
2022,서울,서대문구,7983,6845,58
2022,서울,서초구,22069,6845,137
2022,서울,성동구,6423,6845,53
2022,서울,성북구,6379,6845,53
2022,서울,송파구,20329,6845,142
2022,서울,양천구,7385,6845,96
2022,서울,영등포구,9917,6845,54
2022,서울,용산구,4725,6845,48
2022,서울,은평구,9361,6845,110
2022,서울,종로구,12166,6845,44
2022,서울,중구,7690,6845,44
2022,서울,중랑구,9833,6845,59
2022,세종,세종시,9477,7058,88
2022,울산,울산남구,10717,7698,120
2022,울산,울산동구,605,7698,67
2022,울산,울산북구,785,7698,77
2022,울산,울산울주군,1181,7698,104
2022,울산,울산중구,3646,7698,117
2022,인천,인천강화군,575,6413,5
2022,인천,인천계양구,5209,6413,67
2022,인천,인천남동구,11443,6413,159
2022,인천,인천동구,709,6413,15
2022,인천,인천미추홀구,6981,6413,32
2022,인천,인천부평구,14344,6413,93
2022,인천,인천서구,9939,6413,140
2022,인천,인천연수구,4757,6413,116
2022,인천,인천옹진군,0,6413,0
2022,인천,인천중구,3807,6413,127
2022,전남,강진군,124,8834,10
2022,전남,고흥군,1549,8834,23
2022,전남,곡성군,52,8834,17
2022,전남,광양시,926,8834,158
2022,전남,구례군,54,8834,1
2022,전남,나주시,1194,8834,95
2022,전남,담양군,371,8834,132
2022,전남,목포시,6293,8834,99
2022,전남,무안군,519,8834,22
2022,전남,보성군,285,8834,11
2022,전남,순천시,4307,8834,160
2022,전남,신안군,21,8834,9
2022,전남,여수시,3609,8834,160
2022,전남,영광군,812,8834,3
2022,전남,영암군,171,8834,9
2022,전남,완도군,125,8834,10
2022,전남,장성군,251,8834,26
2022,전남,장흥군,210,8834,11
2022,전남,진도군,60,8834,7
2022,전남,함평군,274,8834,12
2022,전남,해남군,1946,8834,58
2022,전남,화순군,697,8834,9
2022,전북,고창군,872,13975,15
2022,전북,군산시,3186,13975,147
2022,전북,김제시,1176,13975,1
2022,전북,남원시,2055,13975,14
2022,전북,무주군,61,13975,11
2022,전북,부안군,617,13975,35
2022,전북,순창군,224,13975,2
2022,전북,완주군,567,13975,65
2022,전북,익산시,4539,13975,103
2022,전북,임실군,51,13975,13
2022,전북,장수군,331,13975,4
2022,전북,전주덕진구,6316,13975,112
2022,전북,전주완산구,8548,13975,139
2022,전북,정읍시,1464,13975,15
2022,전북,진안군,92,13975,6
2022,제주,서귀포시,2743,8662,54
2022,제주,제주시,11503,8662,198
2022,충남,계룡시,10,11185,51
2022,충남,공주시,3031,11185,61
2022,충남,금산군,1032,11185,22
2022,충남,논산시,3890,11185,114
2022,충남,당진시,4864,11185,306
2022,충남,보령시,1350,11185,93
2022,충남,부여군,1871,11185,27
2022,충남,서산시,1480,11185,196
2022,충남,서천군,1179,11185,41
2022,충남,아산시,4772,11185,121
2022,충남,예산군,2157,11185,114
2022,충남,천안동남구,5197,11185,150
2022,충남,천안서북구,9399,11185,202
2022,충남,청양군,291,11185,29
2022,충남,태안군,505,11185,21
2022,충남,홍성군,2041,11185,167
2022,충북,괴산군,468,11335,24
2022,충북,단양군,27,11335,26
2022,충북,보은군,442,11335,6
2022,충북,영동군,987,11335,3
2022,충북,옥천군,909,11335,9
2022,충북,음성군,796,11335,38
2022,충북,제천시,4306,11335,67
2022,충북,증평군,626,11335,30
2022,충북,진천군,1582,11335,36
2022,충북,청주상당구,7205,11335,89
2022,충북,청주서원구,4694,11335,89
2022,충북,청주청원구,4188,11335,104
2022,충북,청주흥덕구,5430,11335,152
2022,충북,충주시,3921,11335,121
