시도,시군구,행정번호,년도,총인구수,고용률
서울특별시,서울종로구,1111000000,2018,153065,59.6
서울특별시,서울중구,1114000000,2018,125725,59.6
서울특별시,서울용산구,1117000000,2018,228999,59.6
서울특별시,서울성동구,1120000000,2018,308221,59.6
서울특별시,서울광진구,1121500000,2018,355559,59.6
서울특별시,서울동대문구,1123000000,2018,348052,59.6
서울특별시,서울중랑구,1126000000,2018,403209,59.6
서울특별시,서울성북구,1129000000,2018,435868,59.6
서울특별시,서울강북구,1130500000,2018,319164,59.6
서울특별시,서울도봉구,1132000000,2018,339413,59.6
서울특별시,서울노원구,1135000000,2018,543752,59.6
서울특별시,서울은평구,1138000000,2018,483197,59.6
서울특별시,서울서대문구,1141000000,2018,310313,59.6
서울특별시,서울마포구,1144000000,2018,375077,59.6
서울특별시,서울양천구,1147000000,2018,464185,59.6
서울특별시,서울강서구,1150000000,2018,596949,59.6
서울특별시,서울구로구,1153000000,2018,404497,59.6
서울특별시,서울금천구,1154500000,2018,233917,59.6
서울특별시,서울영등포구,1156000000,2018,367778,59.6
서울특별시,서울동작구,1159000000,2018,396203,59.6
서울특별시,서울관악구,1162000000,2018,501957,59.6
서울특별시,서울서초구,1165000000,2018,433951,59.6
서울특별시,서울강남구,1168000000,2018,542364,59.6
서울특별시,서울송파구,1171000000,2018,666635,59.6
서울특별시,서울강동구,1174000000,2018,427573,59.6
부산광역시,부산중구,2611000000,2018,42795,55.7
부산광역시,부산서구,2614000000,2018,110534,55.7
부산광역시,부산동구,2617000000,2018,86912,55.7
부산광역시,부산영도구,2620000000,2018,120109,55.7
부산광역시,부산부산진구,2623000000,2018,362357,55.7
부산광역시,부산동래구,2626000000,2018,266515,55.7
부산광역시,부산남구,2629000000,2018,279917,55.7
부산광역시,부산북구,2632000000,2018,296952,55.7
부산광역시,부산해운대구,2635000000,2018,409347,55.7
부산광역시,부산사하구,2638000000,2018,327791,55.7
부산광역시,부산금정구,2641000000,2018,242956,55.7
부산광역시,부산강서구,2644000000,2018,122957,55.7
부산광역시,부산연제구,2647000000,2018,207840,55.7
부산광역시,부산수영구,2650000000,2018,176246,55.7
부산광역시,부산사상구,2653000000,2018,223361,55.7
부산광역시,부산기장군,2671000000,2018,164864,55.7
대구광역시,대구중구,2711000000,2018,79401,58.2
대구광역시,대구동구,2714000000,2018,351291,58.2
대구광역시,대구서구,2717000000,2018,184372,58.2
대구광역시,대구남구,2720000000,2018,150501,58.2
대구광역시,대구북구,2723000000,2018,439489,58.2
대구광역시,대구수성구,2726000000,2018,432759,58.2
대구광역시,대구달서구,2729000000,2018,573413,58.2
대구광역시,대구달성군,2771000000,2018,250543,58.2
인천광역시,인천중구,2811000000,2018,122499,62.9
인천광역시,인천동구,2814000000,2018,66233,62.9
인천광역시,인천미추홀구,2817700000,2018,416542,62.9
인천광역시,인천연수구,2818500000,2018,346359,62.9
인천광역시,인천남동구,2820000000,2018,537161,62.9
인천광역시,인천부평구,2823700000,2018,524640,62.9
인천광역시,인천계양구,2824500000,2018,312680,62.9
인천광역시,인천서구,2826000000,2018,538596,62.9
인천광역시,인천강화군,2871000000,2018,68896,62.9
인천광역시,인천옹진군,2872000000,2018,21036,62.9
광주광역시,광주동구,2911000000,2018,94475,59.4
광주광역시,광주서구,2914000000,2018,304172,59.4
광주광역시,광주남구,2915500000,2018,216369,59.4
광주광역시,광주북구,2917000000,2018,439773,59.4
광주광역시,광주광산구,2920000000,2018,404547,59.4
대전광역시,대전동구,3011000000,2018,229071,58.7
대전광역시,대전중구,3014000000,2018,244421,58.7
대전광역시,대전서구,3017000000,2018,484663,58.7
대전광역시,대전유성구,3020000000,2018,349790,58.7
대전광역시,대전대덕구,3023000000,2018,181991,58.7
울산광역시,울산중구,3111000000,2018,231973,59
울산광역시,울산남구,3114000000,2018,330732,59
울산광역시,울산동구,3117000000,2018,164642,59
울산광역시,울산북구,3120000000,2018,206434,59
울산광역시,울산울주군,3171000000,2018,221842,59
세종특별자치시,세종시,3611000000,2018,314126,61.8
경기도,경기수원장안구,4111100000,2018,286433,59.75
경기도,경기수원권선구,4111300000,2018,377647,59.75
경기도,경기수원팔달구,4111500000,2018,180974,59.75
경기도,경기수원영통구,4111700000,2018,356112,59.75
경기도,경기성남수정구,4113100000,2018,234133,58.35
경기도,경기성남중원구,4113300000,2018,224885,58.35
경기도,경기성남분당구,4113500000,2018,495329,58.35
경기도,경기의정부시,4115000000,2018,447026,55.8
경기도,경기안양만안구,4117100000,2018,251512,58.35
경기도,경기안양동안구,4117300000,2018,325319,58.35
경기도,경기부천시,4119000000,2018,843768,58.95
경기도,경기광명시,4121000000,2018,326841,58.35
경기도,경기평택시,4122000000,2018,495642,60.35
경기도,경기동두천시,4125000000,2018,96226,54.85
경기도,경기안산상록구,4127100000,2018,356311,60.1
경기도,경기안산단원구,4127300000,2018,304032,60.1
경기도,경기고양덕양구,4128100000,2018,450449,56.75
경기도,경기고양일산동구,4128500000,2018,296223,56.75
경기도,경기고양일산서구,4128700000,2018,297517,56.75
경기도,경기과천시,4129000000,2018,58142,52.1
경기도,경기구리시,4131000000,2018,203553,58.9
경기도,경기남양주시,4136000000,2018,681828,54.3
경기도,경기오산시,4137000000,2018,220070,62.75
경기도,경기시흥시,4139000000,2018,448687,61.35
경기도,경기군포시,4141000000,2018,276916,58.05
경기도,경기의왕시,4143000000,2018,153932,58.45
경기도,경기하남시,4145000000,2018,254415,60.4
경기도,경기용인처인구,4146100000,2018,249118,56.2
경기도,경기용인기흥구,4146300000,2018,427719,56.2
경기도,경기용인수지구,4146500000,2018,358289,56.2
경기도,경기파주시,4148000000,2018,451848,60.5
경기도,경기이천시,4150000000,2018,214206,65.35
경기도,경기안성시,4155000000,2018,183579,64.75
경기도,경기김포시,4157000000,2018,423170,58.6
경기도,경기화성시,4159000000,2018,758722,64.45
경기도,경기광주시,4161000000,2018,363782,63
경기도,경기양주시,4163000000,2018,216951,56.15
경기도,경기포천시,4165000000,2018,150676,64.1
경기도,경기여주시,4167000000,2018,111525,59.35
경기도,경기연천군,4180000000,2018,44633,61.2
경기도,경기가평군,4182000000,2018,62918,59.95
경기도,경기양평군,4183000000,2018,116095,59.4
강원도,강원춘천시,4211000000,2018,280640,57.85
강원도,강원원주시,4213000000,2018,344070,59.95
강원도,강원강릉시,4215000000,2018,212957,58.2
강원도,강원동해시,4217000000,2018,91272,60.3
강원도,강원태백시,4219000000,2018,44858,58.8
강원도,강원속초시,4221000000,2018,81682,60.2
강원도,강원삼척시,4223000000,2018,68326,56.5
강원도,강원홍천군,4272000000,2018,69949,63.95
강원도,강원횡성군,4273000000,2018,46726,66.45
강원도,강원영월군,4275000000,2018,39730,66.1
강원도,강원평창군,4276000000,2018,42610,66.4
강원도,강원정선군,4277000000,2018,37700,66.75
강원도,강원철원군,4278000000,2018,46413,64.25
강원도,강원화천군,4279000000,2018,25084,68.1
강원도,강원양구군,4280000000,2018,23408,65.4
강원도,강원인제군,4281000000,2018,32136,68.8
강원도,강원고성군,4282000000,2018,28144,65.7
강원도,강원양양군,4283000000,2018,27347,63.95
충청북도,충북청주상당구,4311100000,2018,176818,60.3
충청북도,충북청주서원구,4311200000,2018,209404,60.3
충청북도,충북청주흥덕구,4311300000,2018,254302,60.3
충청북도,충북청주청원구,4311400000,2018,197225,60.3
충청북도,충북충주시,4313000000,2018,210504,61.05
충청북도,충북제천시,4315000000,2018,135386,60.1
충청북도,충북보은군,4372000000,2018,33680,65.15
충청북도,충북옥천군,4373000000,2018,51465,63.5
충청북도,충북영동군,4374000000,2018,49715,61.45
충청북도,충북증평군,4374500000,2018,37317,63.85
충청북도,충북진천군,4375000000,2018,78218,69.65
충청북도,충북괴산군,4376000000,2018,39133,64.8
충청북도,충북음성군,4377000000,2018,95830,67.75
충청북도,충북단양군,4380000000,2018,30255,65.15
충청남도,충남천안동남구,4413100000,2018,257978,63
충청남도,충남천안서북구,4413300000,2018,388097,63
충청남도,충남공주시,4415000000,2018,107581,65.45
충청남도,충남보령시,4418000000,2018,101990,64.25
충청남도,충남아산시,4420000000,2018,312822,62.25
충청남도,충남서산시,4421000000,2018,174162,65.6
충청남도,충남논산시,4423000000,2018,120230,64.35
충청남도,충남계룡시,4425000000,2018,43731,54.85
충청남도,충남당진시,4427000000,2018,167770,69.95
충청남도,충남금산군,4471000000,2018,53222,64.8
충청남도,충남부여군,4476000000,2018,68078,64.85
충청남도,충남서천군,4477000000,2018,53922,67.4
충청남도,충남청양군,4479000000,2018,32296,74.65
충청남도,충남홍성군,4480000000,2018,101082,63.1
충청남도,충남예산군,4481000000,2018,80083,66.3
충청남도,충남태안군,4482500000,2018,63238,71.9
전라북도,전북전주완산구,4511100000,2018,345065,54.9
전라북도,전북전주덕진구,4511300000,2018,306026,54.9
전라북도,전북군산시,4513000000,2018,272645,53.1
전라북도,전북익산시,4514000000,2018,294062,54.1
전라북도,전북정읍시,4518000000,2018,112169,59.35
전라북도,전북남원시,4519000000,2018,82554,63.95
전라북도,전북김제시,4521000000,2018,85331,60.2
전라북도,전북완주군,4571000000,2018,94444,60.1
전라북도,전북진안군,4572000000,2018,25963,70.8
전라북도,전북무주군,4573000000,2018,24589,71.1
전라북도,전북장수군,4574000000,2018,23221,75.75
전라북도,전북임실군,4575000000,2018,30072,67.85
전라북도,전북순창군,4577000000,2018,29209,65.95
전라북도,전북고창군,4579000000,2018,57041,66.45
전라북도,전북부안군,4580000000,2018,54441,69.3
전라남도,전남목포시,4611000000,2018,232327,55.1
전라남도,전남여수시,4613000000,2018,283300,60.8
전라남도,전남순천시,4615000000,2018,279389,59.85
전라남도,전남나주시,4617000000,2018,113839,65.3
전라남도,전남광양시,4623000000,2018,156564,63.45
전라남도,전남담양군,4671000000,2018,46917,65.7
전라남도,전남곡성군,4672000000,2018,29624,65.6
전라남도,전남구례군,4673000000,2018,27117,69.25
전라남도,전남고흥군,4677000000,2018,65777,73.8
전라남도,전남보성군,4678000000,2018,42803,66.45
전라남도,전남화순군,4679000000,2018,63933,61.75
전라남도,전남장흥군,4680000000,2018,39312,67.65
전라남도,전남강진군,4681000000,2018,36144,68.65
전라남도,전남해남군,4682000000,2018,71901,72.7
전라남도,전남영암군,4683000000,2018,54731,63.15
전라남도,전남무안군,4684000000,2018,81991,60.75
전라남도,전남함평군,4686000000,2018,33420,68.15
전라남도,전남영광군,4687000000,2018,54127,68.25
전라남도,전남장성군,4688000000,2018,45795,64.65
전라남도,전남완도군,4689000000,2018,51477,69.45
전라남도,전남진도군,4690000000,2018,31219,68.8
전라남도,전남신안군,4691000000,2018,41263,79.35
경상북도,경북포항남구,4711100000,2018,239400,60.8
경상북도,경북포항북구,4711300000,2018,270613,60.8
경상북도,경북경주시,4713000000,2018,256864,61.6
경상북도,경북김천시,4715000000,2018,141104,58.6
경상북도,경북안동시,4717000000,2018,162180,60.4
경상북도,경북구미시,4719000000,2018,421494,62.95
경상북도,경북영주시,4721000000,2018,106801,57.5
경상북도,경북영천시,4723000000,2018,101595,66.85
경상북도,경북상주시,4725000000,2018,100297,63.5
경상북도,경북문경시,4728000000,2018,71874,58.9
경상북도,경북경산시,4729000000,2018,261093,57.7
경상북도,경북군위군,4772000000,2018,23919,72.45
경상북도,경북의성군,4773000000,2018,52944,71.2
경상북도,경북청송군,4775000000,2018,25678,73.15
경상북도,경북영양군,4776000000,2018,17356,70.4
경상북도,경북영덕군,4777000000,2018,38108,62
경상북도,경북청도군,4782000000,2018,43057,70.3
경상북도,경북고령군,4783000000,2018,32969,65.05
경상북도,경북성주군,4784000000,2018,44672,70.55
경상북도,경북칠곡군,4785000000,2018,118828,62.75
경상북도,경북예천군,4790000000,2018,53274,66.95
경상북도,경북봉화군,4792000000,2018,32843,72.1
경상북도,경북울진군,4793000000,2018,50036,61.9
경상북도,경북울릉군,4794000000,2018,9832,84.1
경상남도,경남창원의창구,4812100000,2018,252896,59.4
경상남도,경남창원성산구,4812300000,2018,227337,59.4
경상남도,경남창원마산합포구,4812500000,2018,180535,59.4
경상남도,경남창원마산회원구,4812700000,2018,199457,59.4
경상남도,경남창원진해구,4812900000,2018,193376,59.4
경상남도,경남진주시,4817000000,2018,345987,57.05
경상남도,경남통영시,4822000000,2018,133720,54.05
경상남도,경남사천시,4824000000,2018,113888,63.75
경상남도,경남김해시,4825000000,2018,533672,60.15
경상남도,경남밀양시,4827000000,2018,106744,58.75
경상남도,경남거제시,4831000000,2018,250516,58.85
경상남도,경남양산시,4833000000,2018,348639,57.85
경상남도,경남의령군,4872000000,2018,27667,67.95
경상남도,경남함안군,4873000000,2018,67025,61.7
경상남도,경남창녕군,4874000000,2018,63396,64.65
경상남도,경남고성군,4882000000,2018,53243,65.05
경상남도,경남남해군,4884000000,2018,43990,67.35
경상남도,경남하동군,4885000000,2018,47533,71.1
경상남도,경남산청군,4886000000,2018,35952,70.4
경상남도,경남함양군,4887000000,2018,40044,63.95
경상남도,경남거창군,4888000000,2018,62455,63.55
경상남도,경남합천군,4889000000,2018,45916,66.6
제주특별자치도,제주제주시,5011000000,2018,485946,66.2
제주특별자치도,제주서귀포시,5013000000,2018,181245,70.85
서울특별시,서울종로구,1111000000,2019,151290,60
서울특별시,서울중구,1114000000,2019,126171,60
서울특별시,서울용산구,1117000000,2019,228670,60
서울특별시,서울성동구,1120000000,2019,300889,60
서울특별시,서울광진구,1121500000,2019,351350,60
서울특별시,서울동대문구,1123000000,2019,346194,60
서울특별시,서울중랑구,1126000000,2019,397015,60
서울특별시,서울성북구,1129000000,2019,442650,60
서울특별시,서울강북구,1130500000,2019,313954,60
서울특별시,서울도봉구,1132000000,2019,333362,60
서울특별시,서울노원구,1135000000,2019,532905,60
서울특별시,서울은평구,1138000000,2019,480032,60
서울특별시,서울서대문구,1141000000,2019,309397,60
서울특별시,서울마포구,1144000000,2019,374035,60
서울특별시,서울양천구,1147000000,2019,458165,60
서울특별시,서울강서구,1150000000,2019,591796,60
서울특별시,서울구로구,1153000000,2019,406664,60
서울특별시,서울금천구,1154500000,2019,232810,60
서울특별시,서울영등포구,1156000000,2019,367678,60
서울특별시,서울동작구,1159000000,2019,395963,60
서울특별시,서울관악구,1162000000,2019,500094,60
서울특별시,서울서초구,1165000000,2019,430826,60
서울특별시,서울강남구,1168000000,2019,545169,60
서울특별시,서울송파구,1171000000,2019,675961,60
서울특별시,서울강동구,1174000000,2019,436067,60
부산광역시,부산중구,2611000000,2019,41910,56.6
부산광역시,부산서구,2614000000,2019,108229,56.6
부산광역시,부산동구,2617000000,2019,88165,56.6
부산광역시,부산영도구,2620000000,2019,116711,56.6
부산광역시,부산부산진구,2623000000,2019,357880,56.6
부산광역시,부산동래구,2626000000,2019,271247,56.6
부산광역시,부산남구,2629000000,2019,274480,56.6
부산광역시,부산북구,2632000000,2019,291132,56.6
부산광역시,부산해운대구,2635000000,2019,406102,56.6
부산광역시,부산사하구,2638000000,2019,321004,56.6
부산광역시,부산금정구,2641000000,2019,239062,56.6
부산광역시,부산강서구,2644000000,2019,129566,56.6
부산광역시,부산연제구,2647000000,2019,209395,56.6
부산광역시,부산수영구,2650000000,2019,176148,56.6
부산광역시,부산사상구,2653000000,2019,218094,56.6
부산광역시,부산기장군,2671000000,2019,164716,56.6
대구광역시,대구중구,2711000000,2019,77421,57.9
대구광역시,대구동구,2714000000,2019,345469,57.9
대구광역시,대구서구,2717000000,2019,175277,57.9
대구광역시,대구남구,2720000000,2019,148113,57.9
대구광역시,대구북구,2723000000,2019,437710,57.9
대구광역시,대구수성구,2726000000,2019,428614,57.9
대구광역시,대구달서구,2729000000,2019,568887,57.9
대구광역시,대구달성군,2771000000,2019,256540,57.9
인천광역시,인천중구,2811000000,2019,135135,62.5
인천광역시,인천동구,2814000000,2019,64427,62.5
인천광역시,인천미추홀구,2817700000,2019,408862,62.5
인천광역시,인천연수구,2818500000,2019,366550,62.5
인천광역시,인천남동구,2820000000,2019,532704,62.5
인천광역시,인천부평구,2823700000,2019,511577,62.5
인천광역시,인천계양구,2824500000,2019,303471,62.5
인천광역시,인천서구,2826000000,2019,544556,62.5
인천광역시,인천강화군,2871000000,2019,69178,62.5
인천광역시,인천옹진군,2872000000,2019,20566,62.5
광주광역시,광주동구,2911000000,2019,98585,59.3
광주광역시,광주서구,2914000000,2019,300975,59.3
광주광역시,광주남구,2915500000,2019,218060,59.3
광주광역시,광주북구,2917000000,2019,433533,59.3
광주광역시,광주광산구,2920000000,2019,405315,59.3
대전광역시,대전동구,3011000000,2019,226771,59.8
대전광역시,대전중구,3014000000,2019,240473,59.8
대전광역시,대전서구,3017000000,2019,481222,59.8
대전광역시,대전유성구,3020000000,2019,349373,59.8
대전광역시,대전대덕구,3023000000,2019,177031,59.8
울산광역시,울산중구,3111000000,2019,223581,59.1
울산광역시,울산남구,3114000000,2019,323819,59.1
울산광역시,울산동구,3117000000,2019,159656,59.1
울산광역시,울산북구,3120000000,2019,217796,59.1
울산광역시,울산울주군,3171000000,2019,223167,59.1
세종특별자치시,세종시,3611000000,2019,340575,62.5
경기도,경기수원장안구,4111100000,2019,278377,60.3
경기도,경기수원권선구,4111300000,2019,371754,60.3
경기도,경기수원팔달구,4111500000,2019,175866,60.3
경기도,경기수원영통구,4111700000,2019,368468,60.3
경기도,경기성남수정구,4113100000,2019,234678,58.85
경기도,경기성남중원구,4113300000,2019,220041,58.85
경기도,경기성남분당구,4113500000,2019,488005,58.85
경기도,경기의정부시,4115000000,2019,451868,56.6
경기도,경기안양만안구,4117100000,2019,244235,58.75
경기도,경기안양동안구,4117300000,2019,322809,58.75
경기도,경기부천시,4119000000,2019,829996,60.2
경기도,경기광명시,4121000000,2019,316552,58.6
경기도,경기평택시,4122000000,2019,513027,61.8
경기도,경기동두천시,4125000000,2019,94768,53.75
경기도,경기안산상록구,4127100000,2019,344613,60.45
경기도,경기안산단원구,4127300000,2019,306305,60.45
경기도,경기고양덕양구,4128100000,2019,466157,57.3
경기도,경기고양일산동구,4128500000,2019,297671,57.3
경기도,경기고양일산서구,4128700000,2019,302523,57.3
경기도,경기과천시,4129000000,2019,58289,53.1
경기도,경기구리시,4131000000,2019,199265,58.35
경기도,경기남양주시,4136000000,2019,701830,55.1
경기도,경기오산시,4137000000,2019,226379,62.3
경기도,경기시흥시,4139000000,2019,473682,63.65
경기도,경기군포시,4141000000,2019,275852,59.35
경기도,경기의왕시,4143000000,2019,161153,57.65
경기도,경기하남시,4145000000,2019,272455,60.95
경기도,경기용인처인구,4146100000,2019,253896,56.7
경기도,경기용인기흥구,4146300000,2019,436679,56.7
경기도,경기용인수지구,4146500000,2019,369034,56.7
경기도,경기파주시,4148000000,2019,454040,60.45
경기도,경기이천시,4150000000,2019,215834,65.55
경기도,경기안성시,4155000000,2019,183405,64.8
경기도,경기김포시,4157000000,2019,437221,60.6
경기도,경기화성시,4159000000,2019,815396,65.95
경기도,경기광주시,4161000000,2019,372654,60.9
경기도,경기양주시,4163000000,2019,222314,57.45
경기도,경기포천시,4165000000,2019,148379,63
경기도,경기여주시,4167000000,2019,111083,59.45
경기도,경기연천군,4180000000,2019,43824,62.35
경기도,경기가평군,4182000000,2019,62415,61.45
경기도,경기양평군,4183000000,2019,116874,61.05
강원도,강원춘천시,4211000000,2019,281291,59.15
강원도,강원원주시,4213000000,2019,349215,59.65
강원도,강원강릉시,4215000000,2019,213442,59.8
강원도,강원동해시,4217000000,2019,90522,58.85
강원도,강원태백시,4219000000,2019,43866,60.9
강원도,강원속초시,4221000000,2019,81786,62.2
강원도,강원삼척시,4223000000,2019,67228,57.1
강원도,강원홍천군,4272000000,2019,69150,65.85
강원도,강원횡성군,4273000000,2019,46575,67.6
강원도,강원영월군,4275000000,2019,39127,67.25
강원도,강원평창군,4276000000,2019,42106,67.7
강원도,강원정선군,4277000000,2019,37271,69.35
강원도,강원철원군,4278000000,2019,45584,66.6
강원도,강원화천군,4279000000,2019,24917,68.7
강원도,강원양구군,4280000000,2019,22764,67.5
강원도,강원인제군,4281000000,2019,31672,71.95
강원도,강원고성군,4282000000,2019,27260,66.7
강원도,강원양양군,4283000000,2019,27726,65.75
충청북도,충북청주상당구,4311100000,2019,178352,60.35
충청북도,충북청주서원구,4311200000,2019,203209,60.35
충청북도,충북청주흥덕구,4311300000,2019,262137,60.35
충청북도,충북청주청원구,4311400000,2019,195868,60.35
충청북도,충북충주시,4313000000,2019,210737,61.15
충청북도,충북제천시,4315000000,2019,134617,60.5
충청북도,충북보은군,4372000000,2019,32949,66.65
충청북도,충북옥천군,4373000000,2019,51023,65.5
충청북도,충북영동군,4374000000,2019,48738,61.35
충청북도,충북증평군,4374500000,2019,37392,64
충청북도,충북진천군,4375000000,2019,81084,69.8
충청북도,충북괴산군,4376000000,2019,39163,66.75
충청북도,충북음성군,4377000000,2019,94982,68.75
충청북도,충북단양군,4380000000,2019,29756,66.15
충청남도,충남천안동남구,4413100000,2019,259411,64.85
충청남도,충남천안서북구,4413300000,2019,392847,64.85
충청남도,충남공주시,4415000000,2019,106474,64.9
충청남도,충남보령시,4418000000,2019,101114,65.15
충청남도,충남아산시,4420000000,2019,314395,62.8
충청남도,충남서산시,4421000000,2019,174690,67.2
충청남도,충남논산시,4423000000,2019,118842,64.65
충청남도,충남계룡시,4425000000,2019,42971,56.1
충청남도,충남당진시,4427000000,2019,167042,69.95
충청남도,충남금산군,4471000000,2019,52257,64.3
충청남도,충남부여군,4476000000,2019,66740,66.45
충청남도,충남서천군,4477000000,2019,52805,68.65
충청남도,충남청양군,4479000000,2019,31717,76.6
충청남도,충남홍성군,4480000000,2019,100423,63.4
충청남도,충남예산군,4481000000,2019,79238,65.05
충청남도,충남태안군,4482500000,2019,62743,72.65
전라북도,전북전주완산구,4511100000,2019,338839,58.1
전라북도,전북전주덕진구,4511300000,2019,315555,58.1
전라북도,전북군산시,4513000000,2019,270131,55
전라북도,전북익산시,4514000000,2019,287771,55.1
전라북도,전북정읍시,4518000000,2019,110541,59.65
전라북도,전북남원시,4519000000,2019,81441,65.5
전라북도,전북김제시,4521000000,2019,83895,61.45
전라북도,전북완주군,4571000000,2019,92220,61.95
전라북도,전북진안군,4572000000,2019,25697,70.95
전라북도,전북무주군,4573000000,2019,24303,73.35
전라북도,전북장수군,4574000000,2019,22441,76.2
전라북도,전북임실군,4575000000,2019,28902,68.8
전라북도,전북순창군,4577000000,2019,28382,68.65
전라북도,전북고창군,4579000000,2019,55504,66.4
전라북도,전북부안군,4580000000,2019,53295,69.6
전라남도,전남목포시,4611000000,2019,229861,57.45
전라남도,전남여수시,4613000000,2019,282786,62.7
전라남도,전남순천시,4615000000,2019,279598,61.35
전라남도,전남나주시,4617000000,2019,114664,66.9
전라남도,전남광양시,4623000000,2019,156750,64.65
전라남도,전남담양군,4671000000,2019,46535,66.4
전라남도,전남곡성군,4672000000,2019,28887,68.8
전라남도,전남구례군,4673000000,2019,26563,66.8
전라남도,전남고흥군,4677000000,2019,64913,74.85
전라남도,전남보성군,4678000000,2019,41420,69
전라남도,전남화순군,4679000000,2019,62737,63.55
전라남도,전남장흥군,4680000000,2019,38563,69.85
전라남도,전남강진군,4681000000,2019,35286,69.8
전라남도,전남해남군,4682000000,2019,70354,74.5
전라남도,전남영암군,4683000000,2019,54593,64.6
전라남도,전남무안군,4684000000,2019,81105,62.95
전라남도,전남함평군,4686000000,2019,32861,68.7
전라남도,전남영광군,4687000000,2019,53852,67.45
전라남도,전남장성군,4688000000,2019,45739,67.65
전라남도,전남완도군,4689000000,2019,50689,68.35
전라남도,전남진도군,4690000000,2019,30715,70.2
전라남도,전남신안군,4691000000,2019,40274,77.35
경상북도,경북포항남구,4711100000,2019,235633,61.5
경상북도,경북포항북구,4711300000,2019,271392,61.5
경상북도,경북경주시,4713000000,2019,255402,62.1
경상북도,경북김천시,4715000000,2019,141229,59.45
경상북도,경북안동시,4717000000,2019,160052,61.3
경상북도,경북구미시,4719000000,2019,419742,61.35
경상북도,경북영주시,4721000000,2019,105067,58.15
경상북도,경북영천시,4723000000,2019,102470,68.15
경상북도,경북상주시,4725000000,2019,100688,65.65
경상북도,경북문경시,4728000000,2019,72242,61.25
경상북도,경북경산시,4729000000,2019,263185,57.9
경상북도,경북군위군,4772000000,2019,23843,71.65
경상북도,경북의성군,4773000000,2019,52595,71.9
경상북도,경북청송군,4775000000,2019,25416,75.05
경상북도,경북영양군,4776000000,2019,16993,71.5
경상북도,경북영덕군,4777000000,2019,37361,63.6
경상북도,경북청도군,4782000000,2019,42910,70.2
경상북도,경북고령군,4783000000,2019,32373,64.7
경상북도,경북성주군,4784000000,2019,44015,69.8
경상북도,경북칠곡군,4785000000,2019,117047,62.65
경상북도,경북예천군,4790000000,2019,55100,69.55
경상북도,경북봉화군,4792000000,2019,32150,71.6
경상북도,경북울진군,4793000000,2019,49314,62.1
경상북도,경북울릉군,4794000000,2019,9617,84.6
경상남도,경남창원의창구,4812100000,2019,258582,60.15
경상남도,경남창원성산구,4812300000,2019,220945,60.15
경상남도,경남창원마산합포구,4812500000,2019,177784,60.15
경상남도,경남창원마산회원구,4812700000,2019,193807,60.15
경상남도,경남창원진해구,4812900000,2019,193622,60.15
경상남도,경남진주시,4817000000,2019,347334,57.85
경상남도,경남통영시,4822000000,2019,131404,56.85
경상남도,경남사천시,4824000000,2019,111925,63.7
경상남도,경남김해시,4825000000,2019,542455,59.25
경상남도,경남밀양시,4827000000,2019,105552,60.75
경상남도,경남거제시,4831000000,2019,248276,61.5
경상남도,경남양산시,4833000000,2019,350759,59
경상남도,경남의령군,4872000000,2019,27168,67.85
경상남도,경남함안군,4873000000,2019,65700,59.9
경상남도,경남창녕군,4874000000,2019,62331,66.1
경상남도,경남고성군,4882000000,2019,52276,64.1
경상남도,경남남해군,4884000000,2019,43622,66.95
경상남도,경남하동군,4885000000,2019,46574,70.6
경상남도,경남산청군,4886000000,2019,35417,69.7
경상남도,경남함양군,4887000000,2019,39637,65
경상남도,경남거창군,4888000000,2019,62179,64.85
경상남도,경남합천군,4889000000,2019,45204,65.55
제주특별자치도,제주제주시,5011000000,2019,489405,66.25
제주특별자치도,제주서귀포시,5013000000,2019,181584,70.95
서울특별시,서울종로구,1111000000,2020,149384,59.3
서울특별시,서울중구,1114000000,2020,125240,59.3
서울특별시,서울용산구,1117000000,2020,230040,59.3
서울특별시,서울성동구,1120000000,2020,293556,59.3
서울특별시,서울광진구,1121500000,2020,346682,59.3
서울특별시,서울동대문구,1123000000,2020,342837,59.3
서울특별시,서울중랑구,1126000000,2020,394702,59.3
서울특별시,서울성북구,1129000000,2020,437153,59.3
서울특별시,서울강북구,1130500000,2020,308055,59.3
서울특별시,서울도봉구,1132000000,2020,325257,59.3
서울특별시,서울노원구,1135000000,2020,523037,59.3
서울특별시,서울은평구,1138000000,2020,479835,59.3
서울특별시,서울서대문구,1141000000,2020,312173,59.3
서울특별시,서울마포구,1144000000,2020,371890,59.3
서울특별시,서울양천구,1147000000,2020,454251,59.3
서울특별시,서울강서구,1150000000,2020,580185,59.3
서울특별시,서울구로구,1153000000,2020,404408,59.3
서울특별시,서울금천구,1154500000,2020,231733,59.3
서울특별시,서울영등포구,1156000000,2020,379480,59.3
서울특별시,서울동작구,1159000000,2020,391220,59.3
서울특별시,서울관악구,1162000000,2020,495060,59.3
서울특별시,서울서초구,1165000000,2020,425126,59.3
서울특별시,서울강남구,1168000000,2020,539231,59.3
서울특별시,서울송파구,1171000000,2020,667960,59.3
서울특별시,서울강동구,1174000000,2020,459970,59.3
부산광역시,부산중구,2611000000,2020,41523,55.6
부산광역시,부산서구,2614000000,2020,108135,55.6
부산광역시,부산동구,2617000000,2020,88901,55.6
부산광역시,부산영도구,2620000000,2020,113342,55.6
부산광역시,부산부산진구,2623000000,2020,359886,55.6
부산광역시,부산동래구,2626000000,2020,270745,55.6
부산광역시,부산남구,2629000000,2020,267731,55.6
부산광역시,부산북구,2632000000,2020,283952,55.6
부산광역시,부산해운대구,2635000000,2020,402169,55.6
부산광역시,부산사하구,2638000000,2020,311757,55.6
부산광역시,부산금정구,2641000000,2020,232666,55.6
부산광역시,부산강서구,2644000000,2020,137957,55.6
부산광역시,부산연제구,2647000000,2020,209157,55.6
부산광역시,부산수영구,2650000000,2020,176894,55.6
부산광역시,부산사상구,2653000000,2020,212586,55.6
부산광역시,부산기장군,2671000000,2020,174545,55.6
대구광역시,대구중구,2711000000,2020,76547,56.6
대구광역시,대구동구,2714000000,2020,341920,56.6
대구광역시,대구서구,2717000000,2020,170700,56.6
대구광역시,대구남구,2720000000,2020,146632,56.6
대구광역시,대구북구,2723000000,2020,440263,56.6
대구광역시,대구수성구,2726000000,2020,424314,56.6
대구광역시,대구달서구,2729000000,2020,558631,56.6
대구광역시,대구달성군,2771000000,2020,259339,56.6
인천광역시,인천중구,2811000000,2020,139729,61.3
인천광역시,인천동구,2814000000,2020,62542,61.3
인천광역시,인천미추홀구,2817700000,2020,404343,61.3
인천광역시,인천연수구,2818500000,2020,387450,61.3
인천광역시,인천남동구,2820000000,2020,525354,61.3
인천광역시,인천부평구,2823700000,2020,494962,61.3
인천광역시,인천계양구,2824500000,2020,296750,61.3
인천광역시,인천서구,2826000000,2020,542040,61.3
인천광역시,인천강화군,2871000000,2020,69203,61.3
인천광역시,인천옹진군,2872000000,2020,20455,61.3
광주광역시,광주동구,2911000000,2020,102897,58.7
광주광역시,광주서구,2914000000,2020,296576,58.7
광주광역시,광주남구,2915500000,2020,214579,58.7
광주광역시,광주북구,2917000000,2020,430431,58.7
광주광역시,광주광산구,2920000000,2020,405579,58.7
대전광역시,대전동구,3011000000,2020,223021,60.7
대전광역시,대전중구,3014000000,2020,235550,60.7
대전광역시,대전서구,3017000000,2020,477880,60.7
대전광역시,대전유성구,3020000000,2020,351047,60.7
대전광역시,대전대덕구,3023000000,2020,176384,60.7
울산광역시,울산중구,3111000000,2020,217595,58.1
울산광역시,울산남구,3114000000,2020,320064,58.1
울산광역시,울산동구,3117000000,2020,156806,58.1
울산광역시,울산북구,3120000000,2020,219014,58.1
울산광역시,울산울주군,3171000000,2020,222538,58.1
세종특별자치시,세종시,3611000000,2020,355831,62.7
경기도,경기수원장안구,4111100000,2020,273661,58.6
경기도,경기수원권선구,4111300000,2020,368645,58.6
경기도,경기수원팔달구,4111500000,2020,174930,58.6
경기도,경기수원영통구,4111700000,2020,368842,58.6
경기도,경기성남수정구,4113100000,2020,241701,57.95
경기도,경기성남중원구,4113300000,2020,216131,57.95
경기도,경기성남분당구,4113500000,2020,482232,57.95
경기도,경기의정부시,4115000000,2020,461710,54.7
경기도,경기안양만안구,4117100000,2020,239413,56.85
경기도,경기안양동안구,4117300000,2020,310614,56.85
경기도,경기부천시,4119000000,2020,818383,58.45
경기도,경기광명시,4121000000,2020,298599,57.3
경기도,경기평택시,4122000000,2020,537307,59.85
경기도,경기동두천시,4125000000,2020,94353,51.3
경기도,경기안산상록구,4127100000,2020,351888,57.45
경기도,경기안산단원구,4127300000,2020,303027,57.45
경기도,경기고양덕양구,4128100000,2020,476962,56.5
경기도,경기고양일산동구,4128500000,2020,299716,56.5
경기도,경기고양일산서구,4128700000,2020,302538,56.5
경기도,경기과천시,4129000000,2020,63231,52.35
경기도,경기구리시,4131000000,2020,197454,57.05
경기도,경기남양주시,4136000000,2020,713321,53.5
경기도,경기오산시,4137000000,2020,229725,60.95
경기도,경기시흥시,4139000000,2020,500895,61.3
경기도,경기군포시,4141000000,2020,273791,56.45
경기도,경기의왕시,4143000000,2020,163795,56.4
경기도,경기하남시,4145000000,2020,293452,61.5
경기도,경기용인처인구,4146100000,2020,257498,54.9
경기도,경기용인기흥구,4146300000,2020,440835,54.9
경기도,경기용인수지구,4146500000,2020,375843,54.9
경기도,경기파주시,4148000000,2020,465617,58.55
경기도,경기이천시,4150000000,2020,218388,64.05
경기도,경기안성시,4155000000,2020,187012,63.8
경기도,경기김포시,4157000000,2020,473970,58.15
경기도,경기화성시,4159000000,2020,855248,64.1
경기도,경기광주시,4161000000,2020,382054,60.2
경기도,경기양주시,4163000000,2020,230359,54.15
경기도,경기포천시,4165000000,2020,147274,59.6
경기도,경기여주시,4167000000,2020,111897,60.6
경기도,경기연천군,4180000000,2020,43516,62.25
경기도,경기가평군,4182000000,2020,62377,61.45
경기도,경기양평군,4183000000,2020,118810,58.7
강원도,강원춘천시,4211000000,2020,282765,56.3
강원도,강원원주시,4213000000,2020,354376,58.7
강원도,강원강릉시,4215000000,2020,213321,58.2
강원도,강원동해시,4217000000,2020,90593,59.05
강원도,강원태백시,4219000000,2020,42719,59.6
강원도,강원속초시,4221000000,2020,82665,62.7
강원도,강원삼척시,4223000000,2020,65243,59.45
강원도,강원홍천군,4272000000,2020,69242,67.1
강원도,강원횡성군,4273000000,2020,46472,66.35
강원도,강원영월군,4275000000,2020,38662,64.7
강원도,강원평창군,4276000000,2020,41681,68.65
강원도,강원정선군,4277000000,2020,36870,69.05
강원도,강원철원군,4278000000,2020,44699,63.8
강원도,강원화천군,4279000000,2020,24857,67.7
강원도,강원양구군,4280000000,2020,22278,68.35
강원도,강원인제군,4281000000,2020,31694,71.45
강원도,강원고성군,4282000000,2020,26757,66.8
강원도,강원양양군,4283000000,2020,27946,66.9
충청북도,충북청주상당구,4311100000,2020,190034,59.7
충청북도,충북청주서원구,4311200000,2020,194720,59.7
충청북도,충북청주흥덕구,4311300000,2020,265866,59.7
충청북도,충북청주청원구,4311400000,2020,194373,59.7
충청북도,충북충주시,4313000000,2020,210186,61.5
충청북도,충북제천시,4315000000,2020,133018,59.05
충청북도,충북보은군,4372000000,2020,32412,68.15
충청북도,충북옥천군,4373000000,2020,50527,63.7
충청북도,충북영동군,4374000000,2020,47475,61.5
충청북도,충북증평군,4374500000,2020,36807,61.25
충청북도,충북진천군,4375000000,2020,83718,68.55
충청북도,충북괴산군,4376000000,2020,39393,65.9
충청북도,충북음성군,4377000000,2020,93153,67.2
충청북도,충북단양군,4380000000,2020,29155,63.4
충청남도,충남천안동남구,4413100000,2020,258009,63.85
충청남도,충남천안서북구,4413300000,2020,400799,63.85
충청남도,충남공주시,4415000000,2020,104545,62.7
충청남도,충남보령시,4418000000,2020,100229,64.2
충청남도,충남아산시,4420000000,2020,316129,62.4
충청남도,충남서산시,4421000000,2020,175591,66.85
충청남도,충남논산시,4423000000,2020,116675,61.5
충청남도,충남계룡시,4425000000,2020,42822,53.75
충청남도,충남당진시,4427000000,2020,166249,68.5
충청남도,충남금산군,4471000000,2020,51413,62.1
충청남도,충남부여군,4476000000,2020,65354,66.05
충청남도,충남서천군,4477000000,2020,51866,66.5
충청남도,충남청양군,4479000000,2020,30948,76.4
충청남도,충남홍성군,4480000000,2020,100102,63
충청남도,충남예산군,4481000000,2020,78084,65.05
충청남도,충남태안군,4482500000,2020,62214,72.05
전라북도,전북전주완산구,4511100000,2020,339718,57.5
전라북도,전북전주덕진구,4511300000,2020,317714,57.5
전라북도,전북군산시,4513000000,2020,267859,54.2
전라북도,전북익산시,4514000000,2020,282276,56.35
전라북도,전북정읍시,4518000000,2020,108508,60.9
전라북도,전북남원시,4519000000,2020,80662,64.9
전라북도,전북김제시,4521000000,2020,82450,62.5
전라북도,전북완주군,4571000000,2020,91609,62.3
전라북도,전북진안군,4572000000,2020,25394,72.4
전라북도,전북무주군,4573000000,2020,24036,73.35
전라북도,전북장수군,4574000000,2020,22085,79.6
전라북도,전북임실군,4575000000,2020,27314,70.8
전라북도,전북순창군,4577000000,2020,27810,66.1
전라북도,전북고창군,4579000000,2020,54529,66
전라북도,전북부안군,4580000000,2020,52140,69.8
전라남도,전남목포시,4611000000,2020,224044,56.5
전라남도,전남여수시,4613000000,2020,280242,62.65
전라남도,전남순천시,4615000000,2020,282189,60.6
전라남도,전남나주시,4617000000,2020,115613,65.3
전라남도,전남광양시,4623000000,2020,151769,64.3
전라남도,전남담양군,4671000000,2020,46280,65.8
전라남도,전남곡성군,4672000000,2020,28039,66.85
전라남도,전남구례군,4673000000,2020,25719,67.55
전라남도,전남고흥군,4677000000,2020,63922,75.35
전라남도,전남보성군,4678000000,2020,40482,71.25
전라남도,전남화순군,4679000000,2020,62522,62.4
전라남도,전남장흥군,4680000000,2020,37800,68.85
전라남도,전남강진군,4681000000,2020,34597,68.4
전라남도,전남해남군,4682000000,2020,68806,74.35
전라남도,전남영암군,4683000000,2020,53699,66.55
전라남도,전남무안군,4684000000,2020,86132,60.5
전라남도,전남함평군,4686000000,2020,32050,67
전라남도,전남영광군,4687000000,2020,53099,68.35
전라남도,전남장성군,4688000000,2020,44464,67.2
전라남도,전남완도군,4689000000,2020,49916,68
전라남도,전남진도군,4690000000,2020,31227,70.75
전라남도,전남신안군,4691000000,2020,38938,76.95
경상북도,경북포항남구,4711100000,2020,230422,57.55
경상북도,경북포항북구,4711300000,2020,272494,57.55
경상북도,경북경주시,4713000000,2020,253502,60.2
경상북도,경북김천시,4715000000,2020,140548,60.75
경상북도,경북안동시,4717000000,2020,158907,60.2
경상북도,경북구미시,4719000000,2020,416328,59.6
경상북도,경북영주시,4721000000,2020,103119,56.2
경상북도,경북영천시,4723000000,2020,102015,66.1
경상북도,경북상주시,4725000000,2020,97228,63.85
경상북도,경북문경시,4728000000,2020,71406,61.55
경상북도,경북경산시,4729000000,2020,263728,55.15
경상북도,경북군위군,4772000000,2020,23256,71
경상북도,경북의성군,4773000000,2020,51724,71.6
경상북도,경북청송군,4775000000,2020,25044,74.85
경상북도,경북영양군,4776000000,2020,16692,70.4
경상북도,경북영덕군,4777000000,2020,36313,63
경상북도,경북청도군,4782000000,2020,42263,68.95
경상북도,경북고령군,4783000000,2020,31361,64.85
경상북도,경북성주군,4784000000,2020,43414,68.15
경상북도,경북칠곡군,4785000000,2020,114758,60.3
경상북도,경북예천군,4790000000,2020,55613,67.9
경상북도,경북봉화군,4792000000,2020,31494,71.15
경상북도,경북울진군,4793000000,2020,48716,61.5
경상북도,경북울릉군,4794000000,2020,9077,83
경상남도,경남창원의창구,4812100000,2020,262408,57.1
경상남도,경남창원성산구,4812300000,2020,214570,57.1
경상남도,경남창원마산합포구,4812500000,2020,175716,57.1
경상남도,경남창원마산회원구,4812700000,2020,191289,57.1
경상남도,경남창원진해구,4812900000,2020,192755,57.1
경상남도,경남진주시,4817000000,2020,348096,55.6
경상남도,경남통영시,4822000000,2020,128293,55.5
경상남도,경남사천시,4824000000,2020,111105,62.35
경상남도,경남김해시,4825000000,2020,542338,57.85
경상남도,경남밀양시,4827000000,2020,104831,57.6
경상남도,경남거제시,4831000000,2020,245754,59.35
경상남도,경남양산시,4833000000,2020,352229,56.8
경상남도,경남의령군,4872000000,2020,26800,68
경상남도,경남함안군,4873000000,2020,64182,60.65
경상남도,경남창녕군,4874000000,2020,61301,63.7
경상남도,경남고성군,4882000000,2020,51361,64.55
경상남도,경남남해군,4884000000,2020,42958,65.95
경상남도,경남하동군,4885000000,2020,44785,70.85
경상남도,경남산청군,4886000000,2020,34857,71.15
경상남도,경남함양군,4887000000,2020,39080,67.55
경상남도,경남거창군,4888000000,2020,61502,66.65
경상남도,경남합천군,4889000000,2020,44006,66.1
제주특별자치도,제주제주시,5011000000,2020,492466,63.1
제주특별자치도,제주서귀포시,5013000000,2020,182169,71.3
서울특별시,서울종로구,1111000000,2021,144683,54.45
서울특별시,서울중구,1114000000,2021,122499,55.5
서울특별시,서울용산구,1117000000,2021,222953,59.3
서울특별시,서울성동구,1120000000,2021,285990,56.3
서울특별시,서울광진구,1121500000,2021,339996,56.85
서울특별시,서울동대문구,1123000000,2021,337400,54.5
서울특별시,서울중랑구,1126000000,2021,387350,54.85
서울특별시,서울성북구,1129000000,2021,430528,52.5
서울특별시,서울강북구,1130500000,2021,299182,51.8
서울특별시,서울도봉구,1132000000,2021,317366,53.55
서울특별시,서울노원구,1135000000,2021,510956,53.9
서울특별시,서울은평구,1138000000,2021,473307,55.35
서울특별시,서울서대문구,1141000000,2021,304819,53
서울특별시,서울마포구,1144000000,2021,368905,59.8
서울특별시,서울양천구,1147000000,2021,447302,55.9
서울특별시,서울강서구,1150000000,2021,574315,57.65
서울특별시,서울구로구,1153000000,2021,396754,58.15
서울특별시,서울금천구,1154500000,2021,230811,58.3
서울특별시,서울영등포구,1156000000,2021,376837,58.75
서울특별시,서울동작구,1159000000,2021,385483,55.8
서울특별시,서울관악구,1162000000,2021,485699,54.4
서울특별시,서울서초구,1165000000,2021,412279,55.35
서울특별시,서울강남구,1168000000,2021,533042,57.4
서울특별시,서울송파구,1171000000,2021,658338,57.5
서울특별시,서울강동구,1174000000,2021,462664,59.1
부산광역시,부산중구,2611000000,2021,40524,51.25
부산광역시,부산서구,2614000000,2021,105164,50.4
부산광역시,부산동구,2617000000,2021,87679,49.4
부산광역시,부산영도구,2620000000,2021,110638,46.35
부산광역시,부산부산진구,2623000000,2021,353159,53.1
부산광역시,부산동래구,2626000000,2021,266866,52.9
부산광역시,부산남구,2629000000,2021,262069,49.6
부산광역시,부산북구,2632000000,2021,283211,51.45
부산광역시,부산해운대구,2635000000,2021,396438,51.9
부산광역시,부산사하구,2638000000,2021,306003,53.35
부산광역시,부산금정구,2641000000,2021,228049,50.35
부산광역시,부산강서구,2644000000,2021,142918,63.2
부산광역시,부산연제구,2647000000,2021,207144,53
부산광역시,부산수영구,2650000000,2021,175095,52.8
부산광역시,부산사상구,2653000000,2021,208298,54.7
부산광역시,부산기장군,2671000000,2021,177125,57.25
대구광역시,대구중구,2711000000,2021,74791,56.25
대구광역시,대구동구,2714000000,2021,341436,53.95
대구광역시,대구서구,2717000000,2021,164528,51.65
대구광역시,대구남구,2720000000,2021,143175,49.5
대구광역시,대구북구,2723000000,2021,437008,53.75
대구광역시,대구수성구,2726000000,2021,417097,53
대구광역시,대구달서구,2729000000,2021,544926,54.85
대구광역시,대구달성군,2771000000,2021,262451,61.75
인천광역시,인천중구,2811000000,2021,143633,59.9
인천광역시,인천동구,2814000000,2021,61486,57.45
인천광역시,인천미추홀구,2817700000,2021,407464,58.05
인천광역시,인천연수구,2818500000,2021,389644,58.6
인천광역시,인천남동구,2820000000,2021,518272,57.6
인천광역시,인천부평구,2823700000,2021,486765,58.2
인천광역시,인천계양구,2824500000,2021,295696,59.35
인천광역시,인천서구,2826000000,2021,555380,61.4
인천광역시,인천강화군,2871000000,2021,69693,66.35
인천광역시,인천옹진군,2872000000,2021,20342,78.6
광주광역시,광주동구,2911000000,2021,103470,55.05
광주광역시,광주서구,2914000000,2021,291231,59.8
광주광역시,광주남구,2915500000,2021,215575,57.05
광주광역시,광주북구,2917000000,2021,427114,55.1
광주광역시,광주광산구,2920000000,2021,404221,60.8
대전광역시,대전동구,3011000000,2021,222222,52.9
대전광역시,대전중구,3014000000,2021,230341,57.5
대전광역시,대전서구,3017000000,2021,473365,59.45
대전광역시,대전유성구,3020000000,2021,351277,60.6
대전광역시,대전대덕구,3023000000,2021,175046,57.4
울산광역시,울산중구,3111000000,2021,212883,54.75
울산광역시,울산남구,3114000000,2021,313819,55.9
울산광역시,울산동구,3117000000,2021,154096,54.15
울산광역시,울산북구,3120000000,2021,218735,59.45
울산광역시,울산울주군,3171000000,2021,222059,58.65
세종특별자치시,세종시,3611000000,2021,371895,62.6
경기도,경기수원장안구,4111100000,2021,273835,59.45
경기도,경기수원권선구,4111300000,2021,364136,59.45
경기도,경기수원팔달구,4111500000,2021,182321,59.45
경기도,경기수원영통구,4111700000,2021,363422,59.45
경기도,경기성남수정구,4113100000,2021,235988,59.85
경기도,경기성남중원구,4113300000,2021,210777,59.85
경기도,경기성남분당구,4113500000,2021,484183,59.85
경기도,경기의정부시,4115000000,2021,463661,55.6
경기도,경기안양만안구,4117100000,2021,238311,58.6
경기도,경기안양동안구,4117300000,2021,308867,58.6
경기도,경기부천시,4119000000,2021,806067,59
경기도,경기광명시,4121000000,2021,292893,57.3
경기도,경기평택시,4122000000,2021,564288,60.5
경기도,경기동두천시,4125000000,2021,93592,53.7
경기도,경기안산상록구,4127100000,2021,350668,59.45
경기도,경기안산단원구,4127300000,2021,302058,59.45
경기도,경기고양덕양구,4128100000,2021,482927,58.55
경기도,경기고양일산동구,4128500000,2021,298873,58.55
경기도,경기고양일산서구,4128700000,2021,297553,58.55
경기도,경기과천시,4129000000,2021,73345,55.65
경기도,경기구리시,4131000000,2021,191948,58.6
경기도,경기남양주시,4136000000,2021,733798,55.55
경기도,경기오산시,4137000000,2021,229983,62.55
경기도,경기시흥시,4139000000,2021,512030,61.7
경기도,경기군포시,4141000000,2021,268535,58.65
경기도,경기의왕시,4143000000,2021,163356,58.6
경기도,경기하남시,4145000000,2021,320087,61
경기도,경기용인처인구,4146100000,2021,260198,56.4
경기도,경기용인기흥구,4146300000,2021,441742,56.4
경기도,경기용인수지구,4146500000,2021,375568,56.4
경기도,경기파주시,4148000000,2021,483245,59.5
경기도,경기이천시,4150000000,2021,223177,67.1
경기도,경기안성시,4155000000,2021,189534,63.45
경기도,경기김포시,4157000000,2021,486508,59.8
경기도,경기화성시,4159000000,2021,887015,65.2
경기도,경기광주시,4161000000,2021,387289,61.65
경기도,경기양주시,4163000000,2021,236368,56.55
경기도,경기포천시,4165000000,2021,148939,62.6
경기도,경기여주시,4167000000,2021,112150,63.5
경기도,경기연천군,4180000000,2021,42721,62.35
경기도,경기가평군,4182000000,2021,62264,61.05
경기도,경기양평군,4183000000,2021,121230,59.4
강원도,강원춘천시,4211000000,2021,284594,57.85
강원도,강원원주시,4213000000,2021,357757,59.85
강원도,강원강릉시,4215000000,2021,212965,60.2
강원도,강원동해시,4217000000,2021,90081,61
강원도,강원태백시,4219000000,2021,40844,61.35
강원도,강원속초시,4221000000,2021,82791,62.05
강원도,강원삼척시,4223000000,2021,63429,60.15
강원도,강원홍천군,4272000000,2021,68365,70.45
강원도,강원횡성군,4273000000,2021,46481,66
강원도,강원영월군,4275000000,2021,37904,66.05
강원도,강원평창군,4276000000,2021,40996,71.6
강원도,강원정선군,4277000000,2021,35675,69.15
강원도,강원철원군,4278000000,2021,43340,64.75
강원도,강원화천군,4279000000,2021,24195,69.4
강원도,강원양구군,4280000000,2021,21748,71.1
강원도,강원인제군,4281000000,2021,32165,71.85
강원도,강원고성군,4282000000,2021,27249,68.5
강원도,강원양양군,4283000000,2021,27913,69.65
충청북도,충북청주상당구,4311100000,2021,193827,61.05
충청북도,충북청주서원구,4311200000,2021,192899,61.05
충청북도,충북청주흥덕구,4311300000,2021,267429,61.05
충청북도,충북청주청원구,4311400000,2021,194327,61.05
충청북도,충북충주시,4313000000,2021,209358,62.95
충청북도,충북제천시,4315000000,2021,131591,59.9
충청북도,충북보은군,4372000000,2021,31878,69.45
충청북도,충북옥천군,4373000000,2021,50093,63.2
충청북도,충북영동군,4374000000,2021,45773,63.8
충청북도,충북증평군,4374500000,2021,36426,65.2
충청북도,충북진천군,4375000000,2021,85176,70.8
충청북도,충북괴산군,4376000000,2021,38122,68.75
충청북도,충북음성군,4377000000,2021,92197,69.3
충청북도,충북단양군,4380000000,2021,28331,64.7
충청남도,충남천안동남구,4413100000,2021,255292,63.35
충청남도,충남천안서북구,4413300000,2021,403194,63.35
충청남도,충남공주시,4415000000,2021,103145,62.1
충청남도,충남보령시,4418000000,2021,98408,63.3
충청남도,충남아산시,4420000000,2021,324580,62.3
충청남도,충남서산시,4421000000,2021,176645,67.45
충청남도,충남논산시,4423000000,2021,114483,63.6
충청남도,충남계룡시,4425000000,2021,43331,57.55
충청남도,충남당진시,4427000000,2021,167092,68.75
충청남도,충남금산군,4471000000,2021,50477,66.65
충청남도,충남부여군,4476000000,2021,63774,66.1
충청남도,충남서천군,4477000000,2021,50745,68.1
충청남도,충남청양군,4479000000,2021,30440,78.6
충청남도,충남홍성군,4480000000,2021,99324,65.4
충청남도,충남예산군,4481000000,2021,76801,66.1
충청남도,충남태안군,4482500000,2021,61526,71.35
전라북도,전북전주완산구,4511100000,2021,335804,59
전라북도,전북전주덕진구,4511300000,2021,321465,59
전라북도,전북군산시,4513000000,2021,265304,55.75
전라북도,전북익산시,4514000000,2021,278113,57.25
전라북도,전북정읍시,4518000000,2021,106487,64.3
전라북도,전북남원시,4519000000,2021,79431,66.6
전라북도,전북김제시,4521000000,2021,80913,63.85
전라북도,전북완주군,4571000000,2021,91142,61.9
전라북도,전북진안군,4572000000,2021,24987,71.8
전라북도,전북무주군,4573000000,2021,23748,74.35
전라북도,전북장수군,4574000000,2021,21695,79.15
전라북도,전북임실군,4575000000,2021,26730,72.5
전라북도,전북순창군,4577000000,2021,26855,70.2
전라북도,전북고창군,4579000000,2021,53386,67.85
전라북도,전북부안군,4580000000,2021,50795,70.1
전라남도,전남목포시,4611000000,2021,218589,56.7
전라남도,전남여수시,4613000000,2021,276762,63.4
전라남도,전남순천시,4615000000,2021,281436,62.45
전라남도,전남나주시,4617000000,2021,116726,67.1
전라남도,전남광양시,4623000000,2021,150531,65.7
전라남도,전남담양군,4671000000,2021,46180,66.85
전라남도,전남곡성군,4672000000,2021,27535,68.25
전라남도,전남구례군,4673000000,2021,25235,69.5
전라남도,전남고흥군,4677000000,2021,62762,74.85
전라남도,전남보성군,4678000000,2021,39375,71.85
전라남도,전남화순군,4679000000,2021,62624,63.3
전라남도,전남장흥군,4680000000,2021,36547,72.3
전라남도,전남강진군,4681000000,2021,33753,70.1
전라남도,전남해남군,4682000000,2021,67166,73.9
전라남도,전남영암군,4683000000,2021,52937,69.2
전라남도,전남무안군,4684000000,2021,91107,59.55
전라남도,전남함평군,4686000000,2021,31274,69.75
전라남도,전남영광군,4687000000,2021,51985,69.25
전라남도,전남장성군,4688000000,2021,43365,67.95
전라남도,전남완도군,4689000000,2021,48631,66.75
전라남도,전남진도군,4690000000,2021,30066,73.55
전라남도,전남신안군,4691000000,2021,38217,78.15
경상북도,경북포항남구,4711100000,2021,230801,58.25
경상북도,경북포항북구,4711300000,2021,273051,58.25
경상북도,경북경주시,4713000000,2021,251889,60.95
경상북도,경북김천시,4715000000,2021,140239,63.7
경상북도,경북안동시,4717000000,2021,156972,61
경상북도,경북구미시,4719000000,2021,412581,60.3
경상북도,경북영주시,4721000000,2021,101942,58.35
경상북도,경북영천시,4723000000,2021,101888,66.65
경상북도,경북상주시,4725000000,2021,95566,66.1
경상북도,경북문경시,4728000000,2021,71154,60.65
경상북도,경북경산시,4729000000,2021,268369,57.25
경상북도,경북군위군,4772000000,2021,22945,72
경상북도,경북의성군,4773000000,2021,50632,72.15
경상북도,경북청송군,4775000000,2021,24539,78.5
경상북도,경북영양군,4776000000,2021,16320,71.55
경상북도,경북영덕군,4777000000,2021,35314,63.1
경상북도,경북청도군,4782000000,2021,41891,70.65
경상북도,경북고령군,4783000000,2021,30626,68.7
경상북도,경북성주군,4784000000,2021,42842,68.85
경상북도,경북칠곡군,4785000000,2021,113822,61.75
경상북도,경북예천군,4790000000,2021,55739,69.3
경상북도,경북봉화군,4792000000,2021,30762,72.85
경상북도,경북울진군,4793000000,2021,47858,62.3
경상북도,경북울릉군,4794000000,2021,8867,84
경상남도,경남창원의창구,4812100000,2021,218027,58.9
경상남도,경남창원성산구,4812300000,2021,251562,58.9
경상남도,경남창원마산합포구,4812500000,2021,181322,58.9
경상남도,경남창원마산회원구,4812700000,2021,186881,58.9
경상남도,경남창원진해구,4812900000,2021,194949,58.9
경상남도,경남진주시,4817000000,2021,347097,57.3
경상남도,경남통영시,4822000000,2021,125383,56.3
경상남도,경남사천시,4824000000,2021,109953,62.35
경상남도,경남김해시,4825000000,2021,537673,59.35
경상남도,경남밀양시,4827000000,2021,103525,60.65
경상남도,경남거제시,4831000000,2021,241216,58.75
경상남도,경남양산시,4833000000,2021,354726,57.05
경상남도,경남의령군,4872000000,2021,26322,69.05
경상남도,경남함안군,4873000000,2021,62547,63.7
경상남도,경남창녕군,4874000000,2021,60129,67
경상남도,경남고성군,4882000000,2021,50478,66.9
경상남도,경남남해군,4884000000,2021,42266,66.65
경상남도,경남하동군,4885000000,2021,43449,70.45
경상남도,경남산청군,4886000000,2021,34360,73.65
경상남도,경남함양군,4887000000,2021,38310,67.55
경상남도,경남거창군,4888000000,2021,61073,67
경상남도,경남합천군,4889000000,2021,42935,66.6
제주특별자치도,제주제주시,5011000000,2021,493096,65.4
제주특별자치도,제주서귀포시,5013000000,2021,183663,72.05
서울특별시,서울종로구,1111000000,2022,141379,54.9
서울특별시,서울중구,1114000000,2022,120437,57.75
서울특별시,서울용산구,1117000000,2022,218650,60
서울특별시,서울성동구,1120000000,2022,281000,59.2
서울특별시,서울광진구,1121500000,2022,337416,59.75
서울특별시,서울동대문구,1123000000,2022,336644,53.95
서울특별시,서울중랑구,1126000000,2022,385318,56.75
서울특별시,서울성북구,1129000000,2022,430397,54.25
서울특별시,서울강북구,1130500000,2022,293660,53.05
서울특별시,서울도봉구,1132000000,2022,311694,55.15
서울특별시,서울노원구,1135000000,2022,503734,55.55
서울특별시,서울은평구,1138000000,2022,466746,56.1
서울특별시,서울서대문구,1141000000,2022,306337,54.5
서울특별시,서울마포구,1144000000,2022,364638,60.65
서울특별시,서울양천구,1147000000,2022,440881,57.9
서울특별시,서울강서구,1150000000,2022,569166,60
서울특별시,서울구로구,1153000000,2022,395315,60.95
서울특별시,서울금천구,1154500000,2022,229642,61.1
서울특별시,서울영등포구,1156000000,2022,375675,61.9
서울특별시,서울동작구,1159000000,2022,380596,57.4
서울특별시,서울관악구,1162000000,2022,486752,58.4
서울특별시,서울서초구,1165000000,2022,404325,57.6
서울특별시,서울강남구,1168000000,2022,529102,57.25
서울특별시,서울송파구,1171000000,2022,658801,58.95
서울특별시,서울강동구,1174000000,2022,460067,60.25
부산광역시,부산중구,2611000000,2022,39689,54.95
부산광역시,부산서구,2614000000,2022,105192,51.15
부산광역시,부산동구,2617000000,2022,86462,51.05
부산광역시,부산영도구,2620000000,2022,108156,49.65
부산광역시,부산부산진구,2623000000,2022,355917,54.2
부산광역시,부산동래구,2626000000,2022,273226,53.75
부산광역시,부산남구,2629000000,2022,256333,52.5
부산광역시,부산북구,2632000000,2022,278857,53.55
부산광역시,부산해운대구,2635000000,2022,386785,53.3
부산광역시,부산사하구,2638000000,2022,301987,54.5
부산광역시,부산금정구,2641000000,2022,221256,51.2
부산광역시,부산강서구,2644000000,2022,143207,64.85
부산광역시,부산연제구,2647000000,2022,203536,55.1
부산광역시,부산수영구,2650000000,2022,174806,54.7
부산광역시,부산사상구,2653000000,2022,203789,56.7
부산광역시,부산기장군,2671000000,2022,178614,56.85
대구광역시,대구중구,2711000000,2022,80199,57.6
대구광역시,대구동구,2714000000,2022,339530,55.8
대구광역시,대구서구,2717000000,2022,159827,52.45
대구광역시,대구남구,2720000000,2022,141519,50.7
대구광역시,대구북구,2723000000,2022,430912,55.65
대구광역시,대구수성구,2726000000,2022,411553,53.15
대구광역시,대구달서구,2729000000,2022,536989,55.6
대구광역시,대구달성군,2771000000,2022,263162,63
인천광역시,인천중구,2811000000,2022,152931,60.55
인천광역시,인천동구,2814000000,2022,58999,56.65
인천광역시,인천미추홀구,2817700000,2022,406004,59.9
인천광역시,인천연수구,2818500000,2022,385796,59.4
인천광역시,인천남동구,2820000000,2022,506181,59.1
인천광역시,인천부평구,2823700000,2022,489118,60.55
인천광역시,인천계양구,2824500000,2022,288856,61.45
인천광역시,인천서구,2826000000,2022,589013,63.6
인천광역시,인천강화군,2871000000,2022,69803,65.1
인천광역시,인천옹진군,2872000000,2022,20613,76.2
광주광역시,광주동구,2911000000,2022,105909,56.5
광주광역시,광주서구,2914000000,2022,287401,59.4
광주광역시,광주남구,2915500000,2022,212379,58.3
광주광역시,광주북구,2917000000,2022,424707,55.55
광주광역시,광주광산구,2920000000,2022,400654,61.25
대전광역시,대전동구,3011000000,2022,219751,53.7
대전광역시,대전중구,3014000000,2022,227108,57.95
대전광역시,대전서구,3017000000,2022,470374,59.45
대전광역시,대전유성구,3020000000,2022,356093,63.35
대전광역시,대전대덕구,3023000000,2022,172746,59.75
울산광역시,울산중구,3111000000,2022,208132,55.15
울산광역시,울산남구,3114000000,2022,310638,58.2
울산광역시,울산동구,3117000000,2022,151711,56.8
울산광역시,울산북구,3120000000,2022,218670,59.55
울산광역시,울산울주군,3171000000,2022,221512,58.8
세종특별자치시,세종시,3611000000,2022,383591,63.7
경기도,경기수원장안구,4111100000,2022,270524,61.85
경기도,경기수원권선구,4111300000,2022,367446,61.85
경기도,경기수원팔달구,4111500000,2022,192610,61.85
경기도,경기수원영통구,4111700000,2022,360384,61.85
경기도,경기성남수정구,4113100000,2022,230460,61
경기도,경기성남중원구,4113300000,2022,210505,61
경기도,경기성남분당구,4113500000,2022,481553,61
경기도,경기의정부시,4115000000,2022,463724,57.3
경기도,경기안양만안구,4117100000,2022,234394,58.95
경기도,경기안양동안구,4117300000,2022,313834,58.95
경기도,경기부천시,4119000000,2022,790128,59.65
경기도,경기광명시,4121000000,2022,287945,58.15
경기도,경기평택시,4122000000,2022,578529,64.05
경기도,경기동두천시,4125000000,2022,91546,55.7
경기도,경기안산상록구,4127100000,2022,344664,62.25
경기도,경기안산단원구,4127300000,2022,296996,62.25
경기도,경기고양덕양구,4128100000,2022,490088,60.7
경기도,경기고양일산동구,4128500000,2022,296122,60.7
경기도,경기고양일산서구,4128700000,2022,290325,60.7
경기도,경기과천시,4129000000,2022,78137,58.65
경기도,경기구리시,4131000000,2022,188701,60.55
경기도,경기남양주시,4136000000,2022,737353,57.6
경기도,경기오산시,4137000000,2022,229849,63.65
경기도,경기시흥시,4139000000,2022,512912,64.15
경기도,경기군포시,4141000000,2022,266213,59.9
경기도,경기의왕시,4143000000,2022,160221,58.35
경기도,경기하남시,4145000000,2022,326059,62.2
경기도,경기용인처인구,4146100000,2022,259288,58.55
경기도,경기용인기흥구,4146300000,2022,438235,58.55
경기도,경기용인수지구,4146500000,2022,377448,58.55
경기도,경기파주시,4148000000,2022,495315,60.9
경기도,경기이천시,4150000000,2022,222721,67.1
경기도,경기안성시,4155000000,2022,188842,64.3
경기도,경기김포시,4157000000,2022,484267,61.8
경기도,경기화성시,4159000000,2022,910814,66.75
경기도,경기광주시,4161000000,2022,391462,63.85
경기도,경기양주시,4163000000,2022,243432,58
경기도,경기포천시,4165000000,2022,146701,63.05
경기도,경기여주시,4167000000,2022,113150,62.8
경기도,경기연천군,4180000000,2022,42062,62.4
경기도,경기가평군,4182000000,2022,62150,61.85
경기도,경기양평군,4183000000,2022,122323,58.9
강원도,강원춘천시,4211000000,2022,286664,58.75
강원도,강원원주시,4213000000,2022,360807,59.8
강원도,강원강릉시,4215000000,2022,211381,60.6
강원도,강원동해시,4217000000,2022,89426,60.65
강원도,강원태백시,4219000000,2022,39428,63.05
강원도,강원속초시,4221000000,2022,82806,61.9
강원도,강원삼척시,4223000000,2022,63455,61.25
강원도,강원홍천군,4272000000,2022,67977,71.5
강원도,강원횡성군,4273000000,2022,46532,67.4
강원도,강원영월군,4275000000,2022,37728,69.1
강원도,강원평창군,4276000000,2022,40990,71.4
강원도,강원정선군,4277000000,2022,34931,70.5
강원도,강원철원군,4278000000,2022,42256,66.1
강원도,강원화천군,4279000000,2022,23388,73
강원도,강원양구군,4280000000,2022,21383,70.95
강원도,강원인제군,4281000000,2022,32206,71.55
강원도,강원고성군,4282000000,2022,27274,70.85
강원도,강원양양군,4283000000,2022,27866,69.25
충청북도,충북청주상당구,4311100000,2022,196425,63.55
충청북도,충북청주서원구,4311200000,2022,191273,63.55
충청북도,충북청주흥덕구,4311300000,2022,268051,63.55
충청북도,충북청주청원구,4311400000,2022,193824,63.55
충청북도,충북충주시,4313000000,2022,208277,64.25
충청북도,충북제천시,4315000000,2022,130988,61.25
충청북도,충북보은군,4372000000,2022,31455,68.45
충청북도,충북옥천군,4373000000,2022,49520,65.7
충청북도,충북영동군,4374000000,2022,44956,64.65
충청북도,충북증평군,4374500000,2022,37262,65.35
충청북도,충북진천군,4375000000,2022,86147,70.55
충청북도,충북괴산군,4376000000,2022,37055,67.6
충청북도,충북음성군,4377000000,2022,92058,69.9
충청북도,충북단양군,4380000000,2022,27767,66.4
충청남도,충남천안동남구,4413100000,2022,255647,64.05
충청남도,충남천안서북구,4413300000,2022,401912,64.05
충청남도,충남공주시,4415000000,2022,102571,61.55
충청남도,충남보령시,4418000000,2022,97157,65.2
충청남도,충남아산시,4420000000,2022,334539,63.65
충청남도,충남서산시,4421000000,2022,176413,68.7
충청남도,충남논산시,4423000000,2022,112617,62.75
충청남도,충남계룡시,4425000000,2022,44475,55.95
충청남도,충남당진시,4427000000,2022,168253,69.5
충청남도,충남금산군,4471000000,2022,50092,64.4
충청남도,충남부여군,4476000000,2022,62343,66.75
충청남도,충남서천군,4477000000,2022,49964,67.5
충청남도,충남청양군,4479000000,2022,30266,76.5
충청남도,충남홍성군,4480000000,2022,98068,66.95
충청남도,충남예산군,4481000000,2022,77385,68.6
충청남도,충남태안군,4482500000,2022,61335,71.5
전라북도,전북전주완산구,4511100000,2022,332573,59.75
전라북도,전북전주덕진구,4511300000,2022,318922,59.75
전라북도,전북군산시,4513000000,2022,262467,55.95
전라북도,전북익산시,4514000000,2022,273697,58.35
전라북도,전북정읍시,4518000000,2022,105081,65.35
전라북도,전북남원시,4519000000,2022,77948,67.2
전라북도,전북김제시,4521000000,2022,81455,64.95
전라북도,전북완주군,4571000000,2022,92422,62.7
전라북도,전북진안군,4572000000,2022,24550,73.45
전라북도,전북무주군,4573000000,2022,23489,74.45
전라북도,전북장수군,4574000000,2022,21336,78.3
전라북도,전북임실군,4575000000,2022,26508,71
전라북도,전북순창군,4577000000,2022,26727,71.6
전라북도,전북고창군,4579000000,2022,52338,69.75
전라북도,전북부안군,4580000000,2022,50094,71.5
전라남도,전남목포시,4611000000,2022,216939,58.25
전라남도,전남여수시,4613000000,2022,274765,63.6
전라남도,전남순천시,4615000000,2022,278737,63.05
전라남도,전남나주시,4617000000,2022,116456,65.45
전라남도,전남광양시,4623000000,2022,152168,66.75
전라남도,전남담양군,4671000000,2022,45792,65.7
전라남도,전남곡성군,4672000000,2022,27060,69.45
전라남도,전남구례군,4673000000,2022,24655,70.05
전라남도,전남고흥군,4677000000,2022,61880,74.05
전라남도,전남보성군,4678000000,2022,38471,73.6
전라남도,전남화순군,4679000000,2022,62024,65.75
전라남도,전남장흥군,4680000000,2022,35650,72.6
전라남도,전남강진군,4681000000,2022,33177,68.7
전라남도,전남해남군,4682000000,2022,65831,73.05
전라남도,전남영암군,4683000000,2022,52395,70.5
전라남도,전남무안군,4684000000,2022,90608,62.75
전라남도,전남함평군,4686000000,2022,30784,70.5
전라남도,전남영광군,4687000000,2022,52197,67.55
전라남도,전남장성군,4688000000,2022,43146,67.25
전라남도,전남완도군,4689000000,2022,47597,68.65
전라남도,전남진도군,4690000000,2022,29507,75.6
전라남도,전남신안군,4691000000,2022,37858,78.5
경상북도,경북포항남구,4711100000,2022,227486,59.1
경상북도,경북포항북구,4711300000,2022,269164,59.1
경상북도,경북경주시,4713000000,2022,249607,60.9
경상북도,경북김천시,4715000000,2022,139324,64.9
경상북도,경북안동시,4717000000,2022,154610,60.5
경상북도,경북구미시,4719000000,2022,408110,62.1
경상북도,경북영주시,4721000000,2022,100749,60.4
경상북도,경북영천시,4723000000,2022,101088,66.6
경상북도,경북상주시,4725000000,2022,94823,66.7
경상북도,경북문경시,4728000000,2022,70373,61.9
경상북도,경북경산시,4729000000,2022,267725,58
경상북도,경북군위군,4772000000,2022,23340,72.4
경상북도,경북의성군,4773000000,2022,50186,72.9
경상북도,경북청송군,4775000000,2022,24295,80.6
경상북도,경북영양군,4776000000,2022,16022,74.9
경상북도,경북영덕군,4777000000,2022,34650,62.85
경상북도,경북청도군,4782000000,2022,41614,72.4
경상북도,경북고령군,4783000000,2022,30353,67.5
경상북도,경북성주군,4784000000,2022,42566,67.7
경상북도,경북칠곡군,4785000000,2022,112487,62.05
경상북도,경북예천군,4790000000,2022,55755,68.4
경상북도,경북봉화군,4792000000,2022,30139,74.45
경상북도,경북울진군,4793000000,2022,47030,61.8
경상북도,경북울릉군,4794000000,2022,8996,83.05
경상남도,경남창원의창구,4812100000,2022,215823,59.45
경상남도,경남창원성산구,4812300000,2022,248512,59.45
경상남도,경남창원마산합포구,4812500000,2022,179496,59.45
경상남도,경남창원마산회원구,4812700000,2022,183662,59.45
경상남도,경남창원진해구,4812900000,2022,193994,59.45
경상남도,경남진주시,4817000000,2022,343782,59.45
경상남도,경남통영시,4822000000,2022,122681,56.85
경상남도,경남사천시,4824000000,2022,109369,63.3
경상남도,경남김해시,4825000000,2022,535129,60.3
경상남도,경남밀양시,4827000000,2022,102945,61.1
경상남도,경남거제시,4831000000,2022,236662,59.9
경상남도,경남양산시,4833000000,2022,353792,57.65
경상남도,경남의령군,4872000000,2022,26061,69.15
경상남도,경남함안군,4873000000,2022,61456,62.65
경상남도,경남창녕군,4874000000,2022,58372,66.3
경상남도,경남고성군,4882000000,2022,50448,65.55
경상남도,경남남해군,4884000000,2022,41579,68.1
경상남도,경남하동군,4885000000,2022,42465,72
경상남도,경남산청군,4886000000,2022,34028,73.1
경상남도,경남함양군,4887000000,2022,37708,68.85
경상남도,경남거창군,4888000000,2022,60387,67
경상남도,경남합천군,4889000000,2022,42142,67.95
제주특별자치도,제주제주시,5011000000,2022,493389,67.15
제주특별자치도,제주서귀포시,5013000000,2022,184770,72.95
