"No","회계연도","지역명","자치단체코드","자치단체명","시설유형","시설구분","시설명","건립일","운영방식","건물면적","토지면적","관리인력","연간이용인원","건립비용","취득가액","감가상각액","감가상각누계액","장부가액","내용연수","비용","수익","순수익"
"1","2022","서울","1100000","서울본청","문화시설","공립도서관","서울도서관","2012.10.26","직영","9499","12709","55","560289","64100000000","64100000000","1602500000","16025000000","48075000000","40","4141783653","1670930","-4140112723"
"2","2022","서울","1100000","서울본청","기타시설","기타시설","서울식물원","2019.12.30","직영","28838.19","383215.9","205","6739110","292552736650","292552736650","317862391","8926635556","283626101094","40","8636916408","4170976420","-4465939988"
"3","2022","서울","1100000","서울본청","문화시설","박물관","서울공예박물관","2021.07.22","직영","10818.83","14170.4","120","436666","175656000000","104595327710","79344885","462079062","104133248648","40","9654753514","195159930","-9459593584"
"4","2022","서울","1100000","서울본청","기타시설","기타시설","보라매안전체험관","2010.04.30","직영","8020.77","4753","23","116748","39229341000","38229341000","955733525","12424535825","25804805175","40","2081287113","0","-2081287113"
"5","2022","서울","1100000","서울본청","문화시설","박물관","서울도시건축전시관","2019.01.11","위탁","2998.23","1558.3","16","44066","34000000000","21047438620","526185965","2104743860","18942694760","40","1559075075","24679503","-1534395572"
"6","2022","서울","1100000","서울본청","문화시설","문화예술회관","동대문디자인플라자","2013.11.30","위탁","86574","62108","0","10510000","421222000000","366086311000","0","67033371811","299052939189","40","14271000000","17130000000","2859000000"
"7","2022","서울","1100000","서울본청","문화시설","청소년수련회관","노원청소년수련관","1997.06.30","위탁","8426","3560","55","368583","39443023000","36476421000","911910525","24621584175","11854836825","40","4492250724","4355825077","-136425647"
"8","2022","서울","1100000","서울본청","문화시설","과학관","서울시립과학관","2016.06.19","직영","12376.42","25875.6","81","66589","42349000000","35801267370","708282950","12271265389","23530001981","40","5441949550","239513000","-5202436550"
"9","2022","서울","1100000","서울본청","체육시설","육상경기장","잠실올림픽주경기장","1984.09.29","직영","75469","111792","37","619495","36736270000","36736270000","918406750","34899456500","1836813500","40","3237475000","12289091000","9051616000"
"10","2022","서울","1100000","서울본청","문화시설","박물관","한성백제박물관","2011.12.31","직영","19423","14894","140","493738","79530541228","29337087228","775337305","6852305370","22484781858","40","13818412830","46826580","-13771586250"
"11","2022","서울","1100000","서울본청","문화시설","청소년수련회관","성동청소년수련관","2004.04.24","위탁","5773","1322","46","407492","141151495609","8508976000","212724400","4041763600","4467212400","40","3905712818","3996344058","90631240"
"12","2022","서울","1112000","서울중구","문화시설","문화예술회관","충무아트센터","2005.02.04","위탁","25994.98","6512.55","104","400365","46352278240","34638991339","516656596","8765153210","25873838129","40","16219937656","20323521212","4103583556"
"13","2022","서울","1112000","서울중구","문화시설","박물관","서소문성지 역사박물관","2019.01.31","위탁","24526.47","21363","19","160904","59131191170","59131191170","1642533088","5461422517","53669768653","40","1870256000","1870256000","0"
"14","2022","서울","1114000","서울성동구","문화시설","문화예술회관","성동문화회관","1989.10.20","위탁","5760","3887","0","39876","11810000000","11810000000","389000000","3801000000","8009000000","40","86929000000","24816000000","-62113000000"
"15","2022","서울","1114000","서울성동구","체육시설","기타체육시설","서울숲복합문화체육센터","2022.07.01","위탁","5589","11200","0","288864","30550000000","30550000000","764000000","764000000","29786000000","40","2626000000","909000000","-1717000000"
"16","2022","서울","1114000","서울성동구","문화시설","공립도서관","성동구립도서관","1999.04.23","위탁","5692","1894","0","605937","12148000000","12148000000","304000000","6682000000","5466000000","40","2052000000","151000000","-1901000000"
"17","2022","서울","1114000","서울성동구","문화시설","문화예술회관","성수문화복지회관","2012.09.14","위탁","9726","2204","0","23124","23579589690","23579589690","589000000","5304000000","18275589690","40","55068000000","43245000000","-11823000000"
"18","2022","서울","1119000","서울강북구","체육시설","축구장","강북구민운동장","2000.07.11","위탁","441","33027","0","61562","13593000000","13593000000","362000000","7820000000","5773000000","40","230000000","208000000","-22000000"
"19","2022","서울","1119000","서울강북구","체육시설","체육관","강북웰빙스포츠센터","2005.01.31","위탁","3462","4539","0","453335","14480000000","14480000000","469906745","9244613489","5235386511","40","3578000000","1887000000","-1691000000"
"20","2022","서울","1119000","서울강북구","문화시설","문화예술회관","강북문화예술회관","2001.10.31","위탁","12543","13345","35","463346","45096935000","45096935000","941000000","18163000000","26933935000","40","3214000000","1160000000","-2054000000"
"21","2022","서울","1121000","서울노원구","문화시설","문화예술회관","노원문화예술회관","2004.06.16","위탁","13167","3071","45","40871","24550000000","20280138700","518929565","9339373698","10940765002","40","1666086817","249909299","-1416177518"
"22","2022","서울","1121000","서울노원구","체육시설","기타체육시설","월계구민체육센터","2017.07.31","위탁","7999","261303","36","298760","22852968550","22852968550","571559129","2896028949","19956939601","40","2585082302","1057244702","-1527837600"
"23","2022","서울","1122000","서울은평구","문화시설","문화예술회관","은평문화예술회관","1996.11.15","위탁","9151","16083","32","24312","17643000000","3034801000","75870025","1985265654","1049535346","40","4645980107","5255366230","609386123"
"24","2022","서울","1122000","서울은평구","체육시설","체육관","은평구민체육센터","2003.09.01","위탁","8847","9988","47","102610","22613000000","16699521990","317326731","6968168877","9731353113","40","1985853148","2578858632","593005484"
"25","2022","서울","1122000","서울은평구","체육시설","체육관","은평다목적체육관","2014.02.12","위탁","2954","5876","10","31271","27424000000","8563810600","214152584","2870921059","5692889541","40","235892852","306333990","70441138"
"26","2022","서울","1122000","서울은평구","문화시설","박물관","은평역사한옥박물관","2014.10.07","직영","2901","6530","12","754","12528000000","12276170060","306904251","3759577074","8516592986","40","7298304000","11207000","-7287097000"
"27","2022","서울","1123000","서울서대문구","문화시설","박물관","서대문자연사박물관","2003.07.10","직영","1998.84","10351","33","245998","23870000000","16232495090","112619284","2962288023","13270207067","60","4157404010","1082893870","-3074510140"
"28","2022","서울","1123000","서울서대문구","문화시설","문화예술회관","북아현문화체육센터","2020.12.31","위탁","1020.96","1703.7","14","150000","27180943530","27180943530","198479137","432540103","26748403427","98","1396433000","568076000","-828357000"
"29","2022","서울","1123000","서울서대문구","기타시설","기타시설","서대문문화체육회관","1993.06.30","위탁","19285.55","11326","50","528000","26874201142","26874201142","411300851","9507987708","17366213434","40","3543667000","1151032000","-2392635000"
"30","2022","서울","1124000","서울마포구","기타시설","기타시설","마포아트센터","2002.04.26","위탁","20715.75","8388","71","110410","32052000000","32052000000","315372810","4702934285","27349065715","40","11222998082","12988873466","1765875384"
"31","2022","서울","1124000","서울마포구","문화시설","공립도서관","염리2구역 주민편익시설(소금나루도서관)","2021.11.22","직영","687.31","3046.7","16","173642","24250887810","11220152050","280503801","327254434","10892897616","39","778637600","9315000","-769322600"
"32","2022","서울","1124000","서울마포구","복지시설","종합사회복지관","염리종합사회복지관","2021.08.20","위탁","8047.01","2325.2","62","400","22276715000","21265803820","525965126","1279129010","19986674810","39","1550918854","155640000","-1395278854"
"33","2022","서울","1124000","서울마포구","문화시설","공립도서관","마포중앙도서관","2017.10.27","직영","20299.36","10754","26","572314","39945350230","39945350230","998633755","4410632418","35534717812","39","5120610000","738603140","-4382006860"
"34","2022","서울","1126000","서울강서구","체육시설","체육관","마곡레포츠센터","2006.11.30","위탁","4079","20000","33","330727","13289450500","13289450500","333826378","5249798556","8039651944","40","2478585600","1047165770","-1431419830"
"35","2022","서울","1126000","서울강서구","체육시설","체육관","강서구민올림픽체육센터","2000.07.31","위탁","11357","3011","33","409542","17219000000","6088340500","156268067","3327604634","2760735866","40","2602628519","1162145960","-1440482559"
"36","2022","서울","1126000","서울강서구","문화시설","미술관","겸재정선미술관","2008.11.30","위탁","3305.29","4065","10","33700","16788000000","16788000000","249301183","3435542987","13352457013","40","732706000","43307470","-689398530"
"37","2022","서울","1126000","서울강서구","문화시설","박물관","허준박물관","2004.11.20","위탁","3934.61","5693","10","35378","14889100000","10359763000","73982009","1022872632","9336890368","40","719799000","65691710","-654107290"
"38","2022","서울","1128000","서울금천구","체육시설","기타체육시설","금천구민문화체육센터","2001.03.02","위탁","9115","5088","20","288062","21611160800","21611160800","482087432","9182923012","12428237788","40","2015000000","1269000000","-746000000"
"39","2022","서울","1128000","서울금천구","체육시설","기타체육시설","금나래문화체육센터","2020.03.20","위탁","8305","2627","17","250394","24814078120","24814078120","620351953","1292399902","23521678218","40","1590000000","1262000000","-328000000"
"40","2022","서울","1129000","서울영등포구","기타시설","기타시설","영등포구민회관","1992.12.29","위탁","3290","7075","32","29702","25524215462","25524215462","924288410","16050259257","9473956205","40","3707400555","4388655532","681254977"
"41","2022","서울","1129000","서울영등포구","체육시설","체육관","영등포제2스포츠센터","2014.08.01","위탁","6674.19","1506.9","33","38659","22104710300","22104710300","552617757","4697250934","17407459366","40","2588833310","1944481554","-644351756"
"42","2022","서울","1129000","서울영등포구","체육시설","체육관","영등포제1스포츠센터","2004.09.01","위탁","9169.36","19782","37","39043","20424000000","20297573270","569561170","8004544679","12293028591","40","3114422587","1985306610","-1129115977"
"43","2022","서울","1130000","서울동작구","체육시설","기타체육시설","동작구민체육센터","2002.05.10","위탁","8650","4709","24","25193","22132000000","13242690358","137238773","2553367412","10689322946","40","2092000000","102000000","-1990000000"
"44","2022","서울","1130000","서울동작구","체육시설","기타체육시설","사당종합체육관","2017.03.27","위탁","7102","3202","14","11120","22376000000","20715278839","517881971","2632566684","18082712155","40","793000000","47000000","-746000000"
"45","2022","서울","1130000","서울동작구","문화시설","공립도서관","김영삼도서관","2020.10.30","위탁","6492.72","1245","0","203420","4711000000","4595296000","114882400","478676666","4116619334","40","1304000000","48600000","-1255400000"
"46","2022","서울","1130000","서울동작구","기타시설","기타시설","동작문화복지센터","1999.05.28","직영","10022.02","2879.4","0","416500","17458000000","13491757530","351492923","7750706452","5741051078","40","304359240","26751760","-277607480"
"47","2022","서울","1131000","서울관악구","문화시설","문화예술회관","관악아트홀","2002.08.28","위탁","14279.89","7349","7","7576","31856018655","31856018655","634880269","11665943805","20190074850","40","351000000","53500000","-297500000"
"48","2022","서울","1135000","서울강동구","문화시설","문화예술회관","강동아트센터","2010.11.20","위탁","18940.34","20252","0","56157","57766368000","57766368000","1093103959","16427537509","41338830491","12","10680071504","11164055816","483984312"
"49","2022","서울","1135000","서울강동구","체육시설","체육관","온조대왕문화체육관","2003.12.07","위탁","7952","6490","35","60000","21617000000","19065497090","121375159","2019380963","17046116127","40","3055412370","1987030540","-1068381830"
"50","2022","부산","2600000","부산본청","체육시설","싸이클경기장","금정체육공원","2002.07.31","위탁","36542","19769","76","237073","75232000000","75232000000","1880800000","41377600000","33854400000","40","19702074341","22658543236","2956468895"
"51","2022","부산","2600000","부산본청","문화시설","미술관","부산시립미술관","1998.03.20","직영","22827","27192","62","576437","46933239850","46933239850","154202890","24900090796","22033149054","40","7792113980","136230560","-7655883420"
"52","2022","부산","2600000","부산본청","문화시설","공립도서관","부산도서관","2020.06.09","직영","16305","10381","50","537805","57510950190","57510950190","1554350005","4313321264","53197628926","40","5550413860","77069310","-5473344550"
"53","2022","부산","2600000","부산본청","문화시설","미술관","현대미술관","2017.03.08","직영","15311.81","29900","50","256375","43000000000","40895392810","293796987","2336500581","38558892229","40","6009675980","58601430","-5951074550"
"54","2022","부산","2600000","부산본청","체육시설","테니스장","금정체육공원","2002.07.31","위탁","7867","2630","4","69946","35600000000","35600000000","890000000","19580000000","16020000000","40","1036951281","364529940","-672421341"
"55","2022","부산","2600000","부산본청","체육시설","체육관","금정체육공원","2002.07.31","위탁","21075","7354","8","278579","41800000000","41800000000","1045000000","21945000000","19855000000","40","5184756406","1660636395","-3524120011"
"56","2022","부산","2600000","부산본청","체육시설","육상경기장","아시아드주경기장","2001.09.01","직영","103163","114098","60","83762","230612000000","230612000000","2287000000","46955000000","183657000000","40","7069978910","4640128940","-2429849970"
"57","2022","부산","2600000","부산본청","문화시설","문화예술회관","영화의전당","2011.07.21","위탁","54335","32137","132","622605","167850000000","135915084180","3401854570","37544789511","98370294669","40","12521642685","12878870936","357228251"
"58","2022","부산","2600000","부산본청","문화시설","문화예술회관","부산문화회관","1988.07.25","위탁","44742","48424","101","235391","44600000000","44600000000","1115000000","39025000000","5575000000","40","34463076936","35390987633","927910697"
"59","2022","부산","2600000","부산본청","체육시설","체육관","기장체육관","2002.08.01","직영","21471","61135","19","44385","48010000000","48010000000","282000000","5764000000","42246000000","40","1663086400","81000000","-1582086400"
"60","2022","부산","2600000","부산본청","체육시설","체육관","강서체육공원 체육관","2002.08.01","직영","21440","12236","43","112431","32931000000","32931000000","823000000","5015000000","27916000000","40","3112111750","826442000","-2285669750"
"61","2022","부산","2600000","부산본청","체육시설","요트장","요트경기장","1986.04.03","직영","14013","138561","33","315155","70826000000","70826000000","1486000000","69340000000","1486000000","40","1397852100","2328000000","930147900"
"62","2022","부산","2600000","부산본청","문화시설","박물관","복천박물관","1996.02.26","직영","7798","56334","27","66479","43447000000","43447000000","1086175000","28240550000","15206450000","40","2447855740","917440","-2446938300"
"63","2022","부산","2621000","부산금정구","문화시설","문화예술회관","금정문화회관","2000.03.31","직영","16603","15922.5","23","82506","27660000000","27660000000","674634140","15887634140","11772365860","40","3292963460","490360210","-2802603250"
"64","2022","부산","2622000","부산강서구","체육시설","체육관","강서구 국민체육센터","2013.02.06","위탁","5111","7471","0","25622","15530000000","15530000000","388250000","2297145833","13232854167","40","1003504000","1003504000","0"
"65","2022","부산","2624000","부산수영구","체육시설","체육관","수영구 국민체육센터","2019.06.18","위탁","4995.54","9957","56","35799","23794197130","23794197130","643086409","2081992249","21712204881","40","2285725569","2319306385","33580816"
"66","2022","부산","2625000","부산사상구","기타시설","기타시설","사상구 다누림센터","2012.03.13","위탁","18019.76","6520.1","138","429866","28652000000","28652000000","579728682","5896883376","22755116624","40","8221000000","4391000000","-3830000000"
"67","2022","부산","2671000","부산기장군","체육시설","체육관","국민체육공원 월드컵빌리지","2012.08.30","위탁","5085","249291","12","181561","129894000000","23198156664","235612997","2574049872","20624106792","40","2583596410","769440430","-1814155980"
"68","2022","대구","2700000","대구본청","체육시설","육상경기장","대구육상진흥센터","2013.12.03","직영","21577","27040","20","39715","72500000000","72500000000","1521544620","15342241585","57157758415","40","1320000000","59000000","-1261000000"
"69","2022","대구","2700000","대구본청","체육시설","육상경기장","대구스타디움","2001.06.28","직영","139771","249974","69","312311","283600000000","283600000000","1835323182","39458093562","244141906438","40","4994227152","1083000000","-3911227152"
"70","2022","대구","2700000","대구본청","문화시설","문화예술회관","대구콘서트하우스","1975.10.05","위탁","26793","10330","23","26243","54880000000","34475259330","448176639","19185970330","15289289000","40","16930122000","958598620","-15971523380"
"71","2022","대구","2700000","대구본청","체육시설","사격장","대구사격장","2008.10.27","위탁","17021","191300","28","144752","49553000000","44281160110","1107029003","16789939868","27491220242","40","3419000000","947000000","-2472000000"
"72","2022","대구","2700000","대구본청","문화시설","미술관","대구미술관","2010.03.19","BTL","21701","71202","33","220088","67569000000","55654911831","1391372796","17740003139","37914908692","40","7216610505","359756000","-6856854505"
"73","2022","대구","2700000","대구본청","문화시설","문화예술회관","대구오페라하우스","2003.08.07","위탁","17269","8659","35","80081","44000000000","9370009000","234235531","4529141340","4840867660","40","10548998438","7987298885","-2561699553"
"74","2022","대구","2700000","대구본청","체육시설","야구장","대구삼성라이온즈파크","2016.02.25","위탁","150868","46943","46","674452","166600000000","166600000000","3036748025","24040921865","142559078135","40","4897190346","4647397923","-249792423"
"75","2022","대구","2700000","대구본청","문화시설","문화예술회관","대구문화예술회관","1990.05.21","위탁","24124","66100","0","450754","42200000000","8903060952","125","8903060077","875","40","7152648022","552986000","-6599662022"
"76","2022","대구","2700000","대구본청","문화시설","박물관","대구섬유박물관","2015.05.29","위탁","49667","13732","16","42370","113068000000","85781899770","1939242964","15830489726","69951410044","40","2986446766","3225814398","239367632"
"77","2022","대구","2700000","대구본청","체육시설","축구장","DGB대구은행파크","2019.01.24","위탁","25472","45639","16","129336","51500000000","51044394490","1276506903","6366652859","44677741631","40","1123611000","4599964811","3476353811"
"78","2022","대구","2711000","대구중구","체육시설","체육관","중구 청라국민체육센터","2021.05.20","위탁","5273.8","7960","0","14787","31551836892","30252192202","361867402","603112337","29649079865","40","770581178","904802826","134221648"
"79","2022","대구","2713000","대구서구","문화시설","문화예술회관","대구광역시 서구문화회관","1998.03.05","직영","5834.35","8538","13","120000","12965631450","11754423180","296556623","5823119720","5931303460","40","2611029471","75629074","-2535400397"
"80","2022","대구","2715000","대구북구","체육시설","체육관","대불스포츠센터","2015.10.01","위탁","3310","3504","10","11705","14500000000","8264336890","206608422","1497911059","6766425831","40","890076173","484008581","-406067592"
"81","2022","대구","2715000","대구북구","문화시설","공립도서관","구수산도서관","2009.04.13","위탁","3702","10454","14","191245","11003000000","10449953195","245220586","2744167340","7705785855","40","723248122","811463","-722436659"
"82","2022","대구","2715000","대구북구","문화시설","청소년수련회관","북구청소년회관","2000.12.22","위탁","4553","9250","40","282792","14420100000","13917617410","286665508","5821527048","8096090362","40","3001774000","3092782670","91008670"
"83","2022","대구","2715000","대구북구","문화시설","문화예술회관","어울아트센터","1999.10.09","위탁","7931","11000","26","36223","15580000000","9388751870","237262590","5434375368","3954376502","40","1738539722","150324509","-1588215213"
"84","2022","대구","2716000","대구수성구","문화시설","문화예술회관","수성아트피아","2006.08.27","위탁","14873.23","18290","30","8667","36455188060","36455188060","796594237","13087007047","23368181013","40","3026811700","84335502","-2942476198"
"85","2022","대구","2716000","대구수성구","문화시설","공립도서관","범어도서관","2013.03.29","위탁","6904","5965","27","400000","28854000000","28438888900","550054363","5815923052","22622965848","40","3303116269","44802176","-3258314093"
"86","2022","대구","2717000","대구달서구","문화시설","문화예술회관","(재)달서문화재단 달서아트센터","2004.10.14","위탁","9230","18815","17","66731","26214000000","21134768921","548897255","7911827402","13222941519","40","3810000000","746000000","-3064000000"
"87","2022","인천","2800000","인천본청","기타시설","기타시설","인천국민안전체험관","2021.09.14","직영","7093.38","9784","60","70483","33429248740","27875850340","706960664","716778163","27159072177","40","946538150","0","-946538150"
"88","2022","인천","2800000","인천본청","체육시설","기타체육시설","인천아시아드주경기장/연희크리켓경기장","2014.04.30","위탁","110153","623856","61","78114","466515000000","263534108740","6581984346","49619615360","213914493380","40","5461453693","2604018000","-2857435693"
"89","2022","인천","2800000","인천본청","체육시설","기타체육시설","열우물테니스/스쿼시경기장","2013.08.16","위탁","26723","142968","59","418090","150367000000","144677799925","3616944997","27127087477","117550712448","40","3452699979","1324681000","-2128018979"
"90","2022","인천","2800000","인천본청","체육시설","기타체육시설","선학체육관/하키/빙상장","2014.01.21","위탁","26919","242484","36","11162","266458000000","257253543790","6572491616","46871388929","210382154861","40","1029958916","646186880","-383772036"
"91","2022","인천","2800000","인천본청","체육시설","기타체육시설","문학경기장(야구장포함)","2002.02.25","위탁","69927","432034","23","98000000","330500000000","6623787730","295897432","3206667668","3417120062","40","6134823466","8464429829","2329606363"
"92","2022","인천","2800000","인천본청","체육시설","기타체육시설","남동체육관/럭비경기장","2013.09.27","위탁","44617","170161","11","65161","175582000000","111394770345","2784869257","20886519427","90508250918","40","1976286151","1271476000","-704810151"
"93","2022","인천","2800000","인천본청","체육시설","기타체육시설","강화고인돌체육관/아시아드BMX경기장","2013.11.13","위탁","18746","77174","17","19113","62387000000","46801663129","1170041578","8775311834","38026351295","40","1378494718","150775000","-1227719718"
"94","2022","인천","2800000","인천본청","체육시설","사격장","옥련국제사격장","2014.09.04","위탁","9999","95837","11","12700","34953000000","33661353870","841533846","6311503844","27349850026","40","1069976346","87160000","-982816346"
"95","2022","인천","2800000","인천본청","문화시설","문화예술회관","인천문화예술회관","1994.04.08","직영","43313","53003","345","126000","58658000000","58291716036","1735908447","42713063590","15578652446","40","26201014878","1022138006","-25178876872"
"96","2022","인천","2800000","인천본청","문화시설","과학관","인천어린이과학관","2011.04.07","위탁","14998","21688","37","370684","65734000000","65734000000","1643540997","19174644952","46559355048","40","5374509867","650298524","-4724211343"
"97","2022","인천","2800000","인천본청","체육시설","축구장","인천축구전용경기장","2012.03.02","위탁","25263","62155","5","101338","173080364675","173080364675","4327009117","28162047647","144918317028","40","2645550915","935164597","-1710386318"
"98","2022","인천","2800000","인천본청","체육시설","기타체육시설","계양체육관/양궁장/국제벨로드롬","2013.10.02","위탁","28147","234884","36","106397","168206000000","79745501945","2010304214","15693948266","64051553679","40","2755586520","327547000","-2428039520"
"99","2022","인천","2800000","인천본청","체육시설","체육관","삼산월드체육관","2006.09.28","위탁","43029","50020","49","600350","74000000000","71737190790","2419481458","38670944194","33066246596","40","5632801555","1634583000","-3998218555"
"100","2022","인천","2800000","인천본청","체육시설","체육관","송림체육관","2013.07.19","위탁","22734","28994","72","213240","49274000000","46325655390","1158141384","11002343148","35323312242","40","3467935212","963194000","-2504741212"
"101","2022","인천","2800000","인천본청","체육시설","수영장","문학박태환수영장","2013.07.19","위탁","18194","18620","48","659843","43916452460","43916452460","1098002407","10427379030","33489073430","40","3598310626","1440967000","-2157343626"
"102","2022","인천","2811000","인천중구","문화시설","문화예술회관","중구문화회관","2012.05.10","직영","6879","10206","5","1450","21200000000","20486634582","512165864","5463102549","15023532033","40","998744590","17305805","-981438785"
"103","2022","인천","2811000","인천중구","체육시설","체육관","인천광역시 중구국민체육센터","2012.05.10","위탁","5759","35830","25","304263","16613000000","15540172329","385795916","4115059922","11425112407","40","1988012558","657588120","-1330424438"
"104","2022","인천","2814000","인천연수구","문화시설","문화예술회관","청학복합문화센터","2018.04.25","위탁","1340.35","3444.5","5","0","7360000000","7360000000","0","0","0","40","0","0","0"
"105","2022","인천","2814000","인천연수구","체육시설","기타체육시설","송도체육센터","2020.06.15","위탁","5632.28","4131.5","0","0","14898845930","14898845930","0","0","0","45","0","0","0"
"106","2022","인천","2815000","인천남동구","문화시설","문화예술회관","남동소래아트홀","2010.12.31","위탁","9995","9429","15","37631","31281000000","23625434280","136315230","2666967530","20958466750","40","1310649750","156896131","-1153753619"
"107","2022","인천","2818000","인천서구","기타시설","기타시설","검단복지회관","2000.10.20","위탁","7577","14706","32","172251","38549494009","38549494009","876324310","19498215899","19051278110","40","2650000000","938000000","-1712000000"
"108","2022","인천","2818000","인천서구","문화시설","문화예술회관","청라블루노바홀","2021.07.21","위탁","4154","4317","0","1854","20117000000","20116473210","502911830","754367745","19362105465","40","1240000000","90000000","-1150000000"
"109","2022","광주","2900000","광주본청","체육시설","수영장","남부대국제수영장","2015.03.31","위탁","19398","50000","20","591090","63977386600","63977386600","1599434665","12129046209","51848340391","40","3496464188","3714875405","218411217"
"110","2022","광주","2900000","광주본청","체육시설","테니스장","진월국제테니스장","2015.02.28","위탁","21782","53776","7","194361","55619564660","29571960160","693380898","7194852211","22377107949","40","902598375","909002828","6404453"
"111","2022","광주","2900000","광주본청","문화시설","문화예술회관","빛고을시민문화관","2010.02.02","위탁","20258","9346","30","54614","54310940550","54310940550","1240653059","15820629967","38490310583","40","3397000000","3397000000","0"
"112","2022","광주","2900000","광주본청","문화시설","문화예술회관","광주문화예술회관","1991.10.21","직영","47087","88422","64","0","45341795710","45341795710","749317437","22248326700","23093469010","30","50022329319","479815914","-49542513405"
"113","2022","광주","2900000","광주본청","체육시설","야구장","광주기아챔피언스필드","2014.02.28","위탁","57646","52639","22","604394","127452656988","97925812750","2447781662","21884848739","76040964011","40","10","10","0"
"114","2022","광주","2900000","광주본청","체육시설","축구장","월드컵경기장","2001.09.30","위탁","69459","470278","23","15754","259534561037","161392529142","3749774755","66789537152","94602991990","40","2331375452","2417690007","86314555"
"115","2022","광주","2900000","광주본청","체육시설","체육관","광주여대시립유니버시아드체육관","2015.04.30","위탁","27885","55000","8","97400","75673108470","75673108470","1892660260","14283624991","61389483479","40","1078355770","1579560823","501205053"
"116","2022","울산","3100000","울산본청","체육시설","체육관","동천체육관","2000.10.25","위탁","22755","79287","7","76075","48468000000","7224456094","225764253","4063756548","3160699546","40","1442878710","553542320","-889336390"
"117","2022","울산","3100000","울산본청","체육시설","체육관","문수체육관","2021.07.10","위탁","18349","24075","0","221636","53521000000","53521000000","907135593","907135593","52613864407","40","2262358000","88105319","-2174252681"
"118","2022","울산","3100000","울산본청","문화시설","미술관","울산시립미술관","2021.12.10","직영","12829.95","6182","25","194235","66911000000","66911000000","1672775000","1672775000","65238225000","40","4303665000","76939410","-4226725590"
"119","2022","울산","3100000","울산본청","기타시설","기타시설","울산안전체험관","2018.07.19","직영","7610","17013","24","56979","32750000000","25715826732","647642421","2907270765","22808555967","40","2834597080","35841443","-2798755637"
"120","2022","울산","3100000","울산본청","문화시설","공립도서관","울산도서관","2018.01.24","직영","15176.65","32680.7","53","674463","62575605145","62575605145","1388831123","12607548974","49968056171","40","4876415910","164485173","-4711930737"
"121","2022","울산","3100000","울산본청","문화시설","박물관","울산박물관","2011.01.31","BTL","14408","33044","18","96285","50957072406","50957072406","1346455876","13144103203","37812969203","40","4173857670","18061430","-4155796240"
"122","2022","울산","3100000","울산본청","체육시설","기타체육시설","울산종합운동장","2005.09.02","위탁","32889","113602","0","84424","75789000000","73850083940","1116868553","31272319488","42577764452","40","3627479950","4340904750","713424800"
"123","2022","울산","3100000","울산본청","체육시설","야구장","문수야구장","2014.03.21","위탁","15545","62987","0","24054","45000000000","26678075530","168504568","5392146187","21285929343","40","9227866000","169404010","-9058461990"
"124","2022","울산","3100000","울산본청","문화시설","문화예술회관","울산문화예술회관","1995.07.10","직영","27078","34486","275","164352","45304930196","45304930196","671409606","13110398234","32194531962","40","22352801186","987187268","-21365613918"
"125","2022","울산","3100000","울산본청","체육시설","축구장","문수축구경기장","2001.06.30","위탁","82780","92500","0","211286","151400000000","119746501670","4928403718","93639670640","26106831030","40","9227866000","3304491268","-5923374732"
"126","2022","울산","3111000","울산중구","문화시설","문화예술회관","울산광역시중구문화의전당","2014.11.07","직영","7741.49","3617","13","37781","27528122810","27528000000","556218661","4495218661","23032781339","40","1444450580","281080450","-1163370130"
"127","2022","울산","3114000","울산북구","체육시설","체육관","오토밸리복지센터","2009.07.14","위탁","11678","8778","17","40000","20809555537","18035003957","191644278","5290659417","12744344540","40","1693989545","1107286110","-586703435"
"128","2022","울산","3171000","울산울주군","기타시설","기타시설","영남알프스 복합웰컴센터","2015.10.08","직영","5058.62","103604","0","181066","46889000000","46889000000","0","0","46889000000","7","934680000","842103000","-92577000"
"129","2022","울산","3171000","울산울주군","체육시설","기타체육시설","간절곶 스포츠파크","2007.04.12","위탁","587.69","84965","0","12000","21200000000","3096023230","0","0","3096023230","0","151399000","27860000","-123539000"
"130","2022","울산","3171000","울산울주군","기타시설","기타시설","온산문화체육센터","2014.07.30","위탁","6523.29","15332","0","181595","22900000000","27159000","678975","1584275","25574725","40","2474043000","829140000","-1644903000"
"131","2022","울산","3171000","울산울주군","문화시설","공립도서관","울주선바위도서관","2014.05.23","직영","2820.87","62668.3","0","48671","20300000000","17606120510","440153012","3777980020","13828140490","40","496309000","1537500","-494771500"
"132","2022","울산","3171000","울산울주군","체육시설","기타체육시설","울주군국민체육센터","2016.11.11","위탁","5037","18945","0","258933","14100000000","11549581620","288739540","1780560496","9769021124","40","2427376000","1264639000","-1162737000"
"133","2022","울산","3171000","울산울주군","문화시설","청소년수련회관","남부청소년수련관","2022.01.28","위탁","5663.81","8505","16","21788","25400000000","25400000000","0","0","25400000000","0","1998263000","59502000","-1938761000"
"134","2022","세종","3200000","세종본청","기타시설","기타시설","고운동 복합커뮤니티센터","2016.11.02","직영","11793.39","8057","3","98462","31235127617","31235127617","575424690","1390609667","29844517950","40","440404880","23902618","-416502262"
"135","2022","세종","3200000","세종본청","기타시설","기타시설","고운동 복합커뮤니티센터(남측)","2018.05.30","직영","12075.46","8243","3","99378","36823265131","36823265131","680803612","1913563040","34909702091","40","439305630","44289468","-395016162"
"136","2022","세종","3200000","세종본청","기타시설","기타시설","보람동복합커뮤니티센터","2016.12.12","직영","15360.74","11694.9","0","109500","43939867315","43939867315","854474225","5639529884","38300337431","40","738113000","11361900","-726751100"
"137","2022","세종","3200000","세종본청","기타시설","기타시설","종촌동복합커뮤니티센터","2015.09.22","직영","12502","12502","7","50000","30921360392","30921360392","555530494","1381191627","29540168765","40","605171200","45034701","-560136499"
"138","2022","세종","3200000","세종본청","기타시설","기타시설","도담동복합커뮤니티센터","2014.02.10","직영","11890","9569","4","20000","34315000000","34315000000","1241101","7122168","34307877832","10","189336210","98581690","-90754520"
"139","2022","세종","3200000","세종본청","기타시설","기타시설","반곡동복합커뮤니티센터","2021.07.26","직영","12638","7917","0","35000","35900000000","33210895100","618168750","618168750","32592726350","40","624634601","21340580","-603294021"
"140","2022","세종","3200000","세종본청","기타시설","기타시설","해밀동복합커뮤니티센터","2021.06.24","직영","5018","9925","0","18000","41255000000","33506147390","193721320","3094125000","30412022390","40","1124095965","11839510","-1112256455"
"141","2022","세종","3200000","세종본청","문화시설","공립도서관","세종시립도서관","2021.06.17","직영","10097.32","6766","55","498898","46751338400","39558924280","859830282","1361397946","38197526334","40","2102121660","341220","-2101780440"
"142","2022","세종","3200000","세종본청","기타시설","기타시설","아름동 행정복지센터","2014.04.07","직영","4675.03","11820","3","106907","79896888780","65684062680","1640000000","14349999999","51334062681","40","1051782830","1948280","-1049834550"
"143","2022","세종","3200000","세종본청","기타시설","기타시설","어진동 복합커뮤니티센터","2013.07.01","직영","13954","14965","0","30000","72065062670","72065062670","1108119230","9576613265","62488449405","40","603000000","0","-603000000"
"144","2022","세종","3200000","세종본청","기타시설","기타시설","종촌종합복지센터","2014.10.31","위탁","15872.75","10124","5","3000","38700000000","17790226500","445188280","3395805431","14394421069","40","406157000","39494994","-366662006"
"145","2022","세종","3200000","세종본청","기타시설","기타시설","소담동복합커뮤니티센터","2018.05.31","직영","14213.46","8202.4","0","10000","36072912501","36072912501","747938676","3739693380","32333219121","40","495767388","44212092","-451555296"
"146","2022","세종","3200000","세종본청","기타시설","기타시설","보람종합복지센터","2020.05.31","위탁","14931","13289","0","2000","47000000000","43564266195","839621734","2021107685","41543158510","40","763543000","44524933","-719018067"
"147","2022","세종","3200000","세종본청","기타시설","기타시설","새롬종합복지센터","2016.07.29","위탁","15001","15664","0","5000","45000000000","41724578976","787303583","1898178087","39826400889","40","888830000","141837560","-746992440"
"148","2022","세종","3200000","세종본청","기타시설","기타시설","새롬동복합커뮤니티센터","2018.03.23","직영","14100.27","8086","6","42000","29360565185","29360565185","730837279","2497027370","26863537815","40","243504670","30486339","-213018331"
"149","2022","세종","3200000","세종본청","기타시설","기타시설","연동면 복합커뮤니티센터","2019.05.10","직영","2568","7738","0","2000","12216650502","12216650502","233151493","729440145","11487210357","40","189378510","3539710","-185838800"
"150","2022","세종","3200000","세종본청","기타시설","기타시설","다정동복합커뮤니티센터","2020.04.25","직영","4061","10763","3","33000","39778933485","39778933485","790316902","1909932513","37869000972","40","513668280","79703099","-433965181"
"151","2022","세종","3200000","세종본청","기타시설","기타시설","대평동 복합커뮤니티센터","2017.10.10","직영","7895","12023.06","0","10000","30024417220","30024417220","631495574","1526114303","28498302917","40","429196180","58234978","-370961202"
"152","2022","경기","4111000","경기수원시","문화시설","박물관","수원박물관","2006.05.17","직영","7118.49","40339.7","60","36000","23143327185","23143327185","462365601","6613756929","16529570256","50","3110000000","1910000","-3108090000"
"153","2022","경기","4111000","경기수원시","복지시설","종합사회복지관","영통종합사회복지관","2004.05.08","위탁","15042","7193","48","422705","21102000000","21102000000","527550000","9847599999","11254400001","40","3485627337","3774486196","288858859"
"154","2022","경기","4111000","경기수원시","문화시설","박물관","수원화성박물관","2009.04.27","직영","5635","8461","27","127818","24940378382","24940378382","623515660","8780930860","16159447522","40","2254611110","29163000","-2225448110"
"155","2022","경기","4111000","경기수원시","문화시설","공립도서관","광교홍재도서관","2014.12.17","직영","9824","3057","21","288967","20840000000","20840000000","1042000000","8422833333","12417166667","20","1065841575","70672660","-995168915"
"156","2022","경기","4111000","경기수원시","체육시설","빙상장","광교복합체육센터","2022.09.16","위탁","9157","22360","32","17721","51695461820","51695461820","1292386545","1292386545","50403075275","40","372595780","168568892","-204026888"
"157","2022","경기","4111000","경기수원시","문화시설","미술관","수원시립미술관","2015.06.25","직영","9661","6404","54","77525","30625460000","30625460000","765636500","5423258541","25202201459","40","3072011880","418220590","-2653791290"
"158","2022","경기","4111000","경기수원시","체육시설","육상경기장","수원종합운동장","1971.10.31","위탁","33742","186789","42","213899","87597084596","87597084596","1681320606","39100695579","48496389017","40","3260736850","730010856","-2530725994"
"159","2022","경기","4111000","경기수원시","체육시설","체육관","서수원칠보체육관","2016.02.19","위탁","18364","61910","17","102252","36752275740","36752275740","918806893","6355081009","30397194731","40","1598740040","415931140","-1182808900"
"160","2022","경기","4111000","경기수원시","기타시설","기타시설","수원시 연화장","2001.01.15","위탁","25473","56170","87","19487","39889520820","39889520820","1066782240","16337152616","23552368204","40","12703795000","19990000000","7286205000"
"161","2022","경기","4111000","경기수원시","문화시설","문화예술회관","장안종합구민회관","2006.03.08","위탁","14806.46","31405","42","263000","27065256480","27065256480","653137265","11389962101","15675294379","40","3486435772","1758268000","-1728167772"
"162","2022","경기","4113000","경기의정부시","문화시설","문화예술회관","의정부예술의전당","2001.04.06","위탁","22491","40273","54","67503","71905000000","7139868070","178496702","3926927434","3212940636","40","12389538539","12315273146","-74265393"
"163","2022","경기","4113000","경기의정부시","문화시설","공립도서관","의정부과학도서관","2007.04.30","직영","6951","9455","17","248298","24584000000","24584000000","221000000","8696000000","15888000000","40","1490400000","600000","-1489800000"
"164","2022","경기","4113000","경기의정부시","체육시설","육상경기장","의정부종합운동장주경기장","2002.04.30","위탁","31125","116475","16","25130","77400000000","77400000000","1935000000","38700000000","38700000000","40","2373953290","550006420","-1823946870"
"165","2022","경기","4115000","경기부천시","문화시설","박물관","한국만화박물관","2009.08.07","위탁","8341","26541","18","178739","22002995000","21589249210","539731230","7241394002","14347855208","40","699700540","481379536","-218321004"
"166","2022","경기","4115000","경기부천시","기타시설","기타시설","복사골여성청소년문화센터","1999.05.11","위탁","31097","9118.6","38","648000","54938000000","30004735142","387597248","9246937500","20757797642","40","1243104000","95425250","-1147678750"
"167","2022","경기","4115000","경기부천시","체육시설","기타체육시설","오정레포츠센터","2011.04.04","위탁","9792","17926","25","174078","42000000000","42000000000","619312963","6704593713","35295406287","40","2728127000","1128821000","-1599306000"
"168","2022","경기","4115000","경기부천시","체육시설","육상경기장","부천종합운동장","2001.01.31","위탁","58236","583905","29","41706","116056551000","116056551000","639963110","12525539999","103531011001","40","3490420000","1600729000","-1889691000"
"169","2022","경기","4115000","경기부천시","기타시설","기타시설","송내어울마당","2015.12.21","위탁","14693","4302.8","11","381902","30817055175","30817055175","652268446","4633782984","26183272191","40","632363000","450427300","-181935700"
"170","2022","경기","4115000","경기부천시","문화시설","문화예술회관","부천아트센터","2022.07.07","위탁","5574.62","50580.8","24","0","96518957202","96518957202","402463307","402463307","96116493895","40","1973496711","2792676156","819179445"
"171","2022","경기","4117000","경기평택시","문화시설","문화예술회관","한국소리터","2011.09.01","위탁","8756","27472","5","6000","23654894760","21341227660","744627483","6050091869","15291135791","40","664393473","24590000","-639803473"
"172","2022","경기","4117000","경기평택시","복지시설","종합사회복지관","남부복지타운","2018.02.05","위탁","10957.72","24487.5","2","10900","24166085340","22518444050","641626236","2760822935","19757621115","40","575500000","0","-575500000"
"173","2022","경기","4117000","경기평택시","복지시설","종합사회복지관","북부복지타운","2012.07.29","직영","12580","25221","8","340860","26387985728","24110159280","815362563","6286806601","17823352679","40","572094530","13529500","-558565030"
"174","2022","경기","4119000","경기안산시","문화시설","문화예술회관","안산문화예술의전당","2004.06.17","위탁","44864","78484","91","147844","97460000000","72990780130","1824769500","32845851050","40144929080","40","11600624748","3442111786","-8158512962"
"175","2022","경기","4119000","경기안산시","체육시설","체육관","상록수체육관","2013.06.11","위탁","9833","123747","12","33425","27500000000","27197682200","679942055","6516111360","20681570840","40","1305734494","313629340","-992105154"
"176","2022","경기","4119000","경기안산시","체육시설","축구장","와~스타디움","2006.11.30","위탁","53691","221951","9","80040","107981000000","98387851210","2459696280","39765089860","58622761350","40","2581281756","909982100","-1671299656"
"177","2022","경기","4119000","경기안산시","문화시설","박물관","안산산업역사박물관","2022.01.07","직영","5039.23","612828.3","9","23095","22995970310","22995970310","574899257","574899257","22421071053","40","1979761184","0","-1979761184"
"178","2022","경기","4120000","경기고양시","문화시설","문화예술회관","고양아람누리","2007.02.13","위탁","56351","54239","20","175429","135138000000","125048087200","3126202180","49758718031","75289369169","40","8226240848","12330173698","4103932850"
"179","2022","경기","4120000","경기고양시","문화시설","문화예술회관","고양어울림누리(별따기배움터)","2004.07.31","위탁","8912","6276","50","73771","22469584882","19112291000","477807275","8839434587","10272856413","40","4156468927","964776141","-3191692786"
"180","2022","경기","4120000","경기고양시","문화시설","문화예술회관","고양어울림누리(어울림극장)","2004.07.31","위탁","8421","12897","10","96558","87773415118","74658746950","1866468674","34529670458","40129076492","40","6038757239","9669280630","3630523391"
"181","2022","경기","4120000","경기고양시","체육시설","수영장","고양어울림누리(꽃우물수영장)","2005.08.31","위탁","7346","12394","48","547586","34088535070","34088535070","852213377","14487627405","19600907665","40","4130525565","1899644112","-2230881453"
"182","2022","경기","4120000","경기고양시","문화시설","박물관","고양어린이박물관","2016.03.24","위탁","8492","8232","14","173427","24329398470","24329398470","608234961","4156272234","20173126236","40","3723516256","4927606098","1204089842"
"183","2022","경기","4120000","경기고양시","복지시설","종합사회복지관","고양시덕양행신종합사회복지관","2016.10.19","위탁","15318","5488","46","100200","33805782000","33805782000","815140550","4890843300","28914938700","40","4270564312","5131007128","860442816"
"184","2022","경기","4120000","경기고양시","체육시설","육상경기장","고양시종합운동장","2003.09.26","위탁","60460","251377","25","170146","113126045942","113126045942","2828151149","53734871823","59391174119","40","4354898660","533722380","-3821176280"
"185","2022","경기","4120000","경기고양시","체육시설","체육관","고양체육관","2011.06.25","위탁","39371","53973","48","318412","99128000000","99128000000","2478200000","27260200000","71867800000","40","6317573150","3354858640","-2962714510"
"186","2022","경기","4120000","경기고양시","체육시설","빙상장","고양어울림누리(얼음마루)","2005.08.31","위탁","6367","12650","20","107044","34950900000","34950900000","873772500","14854132500","20096767500","40","2735576655","1266972425","-1468604230"
"187","2022","경기","4121000","경기과천시","문화시설","문화예술회관","과천시민회관","1995.08.23","위탁","7726.6","22237.2","205","1617068","57896601050","57774386040","1452319715","39136283028","18638103012","40","13454462976","6848297220","-6606165756"
"188","2022","경기","4121000","경기과천시","문화시설","공립도서관","과천시정보과학도서관","2002.05.16","직영","10027","24080","62","754632","19674782190","19674782190","517341389","9829486405","9845295785","40","4420558320","36789380","-4383768940"
"189","2022","경기","4121000","경기과천시","문화시설","박물관","과천시 추사박물관","2013.06.03","직영","3020","4299","9","5518","24533696920","24533696920","613342430","6133424230","18400272690","40","1306332970","45329500","-1261003470"
"190","2022","경기","4121000","경기과천시","문화시설","청소년수련회관","청소년수련관","2007.12.01","직영","8318","8331","54","389949","17954000000","15842974170","633718967","6000275500","9842698670","40","2185343000","675185356","-1510157644"
"191","2022","경기","4122000","경기구리시","문화시설","문화예술회관","구리아트홀","2012.10.10","위탁","10575","24187","18","47716","39500000000","39500000000","987000000","9875000000","29625000000","40","4297767758","4332823415","35055657"
"192","2022","경기","4122000","경기구리시","체육시설","기타체육시설","구리시멀티스포츠센터","2014.02.28","위탁","8097","10692","41","283036","23117574000","18915585630","310553731","2999706869","15915878761","40","3344488622","1809000000","-1535488622"
"193","2022","경기","4122000","경기구리시","기타시설","기타시설","구리시여성행복센터","2021.07.26","위탁","11288","24187","11","169000","278869605000","278869605000","705000000","1054000000","277815605000","40","568200000","75764430","-492435570"
"194","2022","경기","4123000","경기남양주시","기타시설","기타시설","오남체육문화센터","2014.02.27","위탁","4762.42","9792","41","217781","20370000000","20370000000","22000000","194000000","20176000000","40","2672000000","1268000000","-1404000000"
"195","2022","경기","4123000","경기남양주시","기타시설","기타시설","화도체육문화센터","2015.08.31","위탁","5598","79155","45","469510","33000000000","33000000000","32000000","234000000","32766000000","40","3175000000","1966000000","-1209000000"
"196","2022","경기","4123000","경기남양주시","문화시설","청소년수련회관","남양주시청소년수련관","2009.12.04","위탁","9397","9361","32","104729","23300000000","19828527230","582000000","7572000000","12256527230","40","2439392462","268549515","-2170842947"
"197","2022","경기","4123000","경기남양주시","문화시설","공립도서관","정약용도서관","2019.12.20","직영","12807","21501","30","593775","52231000000","52231000000","766000000","3064000000","49167000000","40","1810000000","22000000","-1788000000"
"198","2022","경기","4123000","경기남양주시","문화시설","청소년수련회관","정약용펀그라운드","2022.09.23","위탁","5573","10035","11","9488","20808473098","20808473098","520211827","5982436010","14826037088","40","746171418","62477390","-683694028"
"199","2022","경기","4124000","경기오산시","문화시설","문화예술회관","오산문화예술회관","2004.04.23","위탁","6462","19403","16","17759","27318000000","15749758730","393743968","7415511398","8334247332","40","2442000000","140333790","-2301666210"
"200","2022","경기","4124000","경기오산시","기타시설","기타시설","오산오색문화체육센터","2021.07.30","위탁","6659","13087","16","125000","42100000000","40393492110","1009837302","1009837302","39383654808","40","1981279810","521371440","-1459908370"
"201","2022","경기","4124000","경기오산시","체육시설","기타체육시설","오산스포츠센터","2010.05.10","위탁","27431","31887","73","362526","44400000000","44400000000","2167947553","30533416799","13866583201","40","3835062615","1691579340","-2143483275"
"202","2022","경기","4126000","경기군포시","문화시설","문화예술회관","군포시문화예술회관","1998.04.23","위탁","24926","16968","40","116395","56548759190","56548759190","1531137612","33591685002","22957074188","40","5825300326","4370244875","-1455055451"
"203","2022","경기","4126000","경기군포시","체육시설","체육관","군포국민체육센터","2019.03.29","위탁","7945.82","80680.7","37","291878","25393000000","25393000000","634825000","2645104166","22747895834","40","2806316000","5006996620","2200680620"
"204","2022","경기","4126000","경기군포시","기타시설","기타시설","수리산상상마을","2009.09.18","위탁","11801","20770","19","76336","54331014760","46850862150","180267863","4623317113","42227545037","40","2529672116","2882093900","352421784"
"205","2022","경기","4127000","경기의왕시","체육시설","체육관","부곡스포츠센터","2017.04.09","위탁","8871","3290","22","53150","21012973850","18557429460","463935736","2628969171","15928460289","40","1670693237","406563890","-1264129347"
"206","2022","경기","4128000","경기하남시","문화시설","박물관","하남역사박물관","2014.10.30","위탁","6726","4103","0","26223","18475917060","18475917060","388050762","3298158056","15177759004","40","1196000000","321000000","-875000000"
"207","2022","경기","4128000","경기하남시","복지시설","종합사회복지관","하남시종합사회복지관","2005.03.11","위탁","6147","4870","18","195759","13279000000","13279000000","132000000","5444000000","7835000000","40","1524313112","1725673719","201360607"
"208","2022","경기","4128000","경기하남시","문화시설","문화예술회관","하남문화예술회관","2007.05.10","위탁","8707","32171","32","63512","38804449030","38804449030","471968426","7669486912","31134962118","40","7233000000","8435000000","1202000000"
"209","2022","경기","4128000","경기하남시","체육시설","체육관","하남종합운동장 국민체육센터","2007.10.01","위탁","16083","139821","0","86577","680500000000","132911000000","669000000","15117000000","117794000000","40","10375000000","4049000000","-6326000000"
"210","2022","경기","4128000","경기하남시","문화시설","공립도서관","미사도서관","2020.02.27","직영","6449","4000","25","412890","20212519520","20212519520","449167100","1310070708","18902448812","45","290000000","36000000","-254000000"
"211","2022","경기","4128000","경기하남시","문화시설","청소년수련회관","하남시청소년수련관","2019.10.25","위탁","7143","3135","29","51063","17877000000","17877000000","496000000","111000000","17766000000","40","2836000000","57000000","-2779000000"
"212","2022","경기","4129000","경기용인시","체육시설","육상경기장","용인미르스타디움","2018.01.31","위탁","73175","226067","11","87085","321800000000","125465711901","0","0","125465711901","0","2032164283","225409100","-1806755183"
"213","2022","경기","4129000","경기용인시","문화시설","문화예술회관","용인시평생학습관","2004.07.15","직영","4439","13647","31","16419","41423414260","41423414260","389790076","5947308568","35476105692","40","1492277200","110384970","-1381892230"
"214","2022","경기","4129000","경기용인시","체육시설","조정카누장","조정경기장","2011.09.30","위탁","6287","28655","2","0","31000000000","21091384690","9256654","47054657","21044330033","40","161351477","7211181","-154140296"
"215","2022","경기","4129000","경기용인시","체육시설","체육관","용인시민체육센터","2009.11.29","위탁","6664","15565","21","226582","29436000000","22443566550","561089164","7294159121","15149407429","40","2733653980","1201781310","-1531872670"
"216","2022","경기","4129000","경기용인시","문화시설","청소년수련회관","용인시청소년수련관","2005.08.05","위탁","8362","10800","69","194099","30453651031","30453651031","961110716","8828659898","21624991133","41","10888467841","12039783608","1151315767"
"217","2022","경기","4130000","경기파주시","체육시설","육상경기장","파주스타디움","2004.12.30","직영","16701","158101","5","74280","72590000000","19330428970","8658288","14430480","19315998490","40","624032250","66417490","-557614760"
"218","2022","경기","4130000","경기파주시","체육시설","체육관","교하청석 스포츠센터","2011.06.28","위탁","5563","9668","34","45513","20857056000","20857056000","330000000","3657500000","17199556000","40","2078235209","874778605","-1203456604"
"219","2022","경기","4130000","경기파주시","체육시설","체육관","운정 스포츠센터","2011.08.31","위탁","9994","29557","32","56761","20208914650","190531630","9526581","34930797","155600833","20","1875359026","1132619376","-742739650"
"220","2022","경기","4131000","경기이천시","체육시설","육상경기장","이천시종합운동장","2001.04.15","직영","11264","87447","25","30720","26559678850","26559678850","697246575","15002755515","11556923335","40","786000000","113800000","-672200000"
"221","2022","경기","4131000","경기이천시","문화시설","문화예술회관","이천아트홀","2009.06.08","위탁","11843","67292","34","49279","39339050720","39339050720","488304395","6948192512","32390858208","80","726662130","842103138","115441008"
"222","2022","경기","4132000","경기안성시","문화시설","문화예술회관","안성맞춤아트홀","2017.11.02","직영","14812","30252","19","59236","65100000000","63997334533","1388151091","7172113970","56825220563","40","3183831270","538751560","-2645079710"
"223","2022","경기","4132000","경기안성시","체육시설","수영장","서안성체육센터","2021.09.04","위탁","7079.27","16510","44","314622","32695000000","29150961050","622178309","931646814","28219314236","40","2602818951","927405550","-1675413401"
"224","2022","경기","4133000","경기김포시","문화시설","문화예술회관","김포아트홀","2014.04.01","위탁","9008","2534","37","32518","21514800000","21436979020","1314191974","5367678990","16069300030","40","6936000000","102752000","-6833248000"
"225","2022","경기","4133000","경기김포시","기타시설","기타시설","애기봉 평화생태공원","2020.04.20","위탁","6930","49500","8","97942","39400000000","39400000000","627907528","627907528","38772092472","40","1112480000","232871810","-879608190"
"226","2022","경기","4134000","경기화성시","체육시설","기타체육시설","화성종합경기타운","2011.06.10","위탁","55520.51","278719.3","18","90882","236989000000","181304866130","4532621653","49858838183","131446027947","40","4916760000","285521830","-4631238170"
"227","2022","경기","4134000","경기화성시","기타시설","기타시설","서연이음터","2021.02.24","위탁","12344","3250","25","12689","23202371420","21977729290","549443232","1053099528","20924629762","40","1344773800","12419330","-1332354470"
"228","2022","경기","4134000","경기화성시","기타시설","기타시설","화성시어린이문화센터","2019.05.07","위탁","12885.87","3545.4","1","59430","36915127080","34652700910","866317522","3104304454","31548396456","40","3208780680","323953778","-2884826902"
"229","2022","경기","4134000","경기화성시","기타시설","기타시설","송린이음터","2019.06.28","위탁","11869.55","3765","20","47387","21989741540","21989741540","549743538","1924102383","20065639157","40","1329323400","24184190","-1305139210"
"230","2022","경기","4134000","경기화성시","기타시설","기타시설","화성시동탄호수공원어울림센터","2019.07.05","위탁","12583.3","8203.1","138","88800","41208960180","41208960180","1030407015","3684971349","37523988831","40","1573326982","190414673","-1382912309"
"231","2022","경기","4134000","경기화성시","복지시설","종합사회복지관","화성시나래울종합사회복지관","2011.04.20","위탁","18686.94","13233.7","48","218866","49210211050","49210211050","936935778","11477463280","37732747770","40","7137551675","7553667422","416115747"
"232","2022","경기","4134000","경기화성시","복지시설","종합사회복지관","화성시근로자종합복지관","2014.12.17","위탁","10245","3014","30","241002","39642000000","8094174100","404708705","3271395365","4822778735","20","2553604000","3170980000","617376000"
"233","2022","경기","4134000","경기화성시","체육시설","야구장","화성드림파크","2017.06.  ","위탁","3535.76","242689","11","69536","447000000000","6616011900","165400297","827001485","5789010415","40","1284497000","92804850","-1191692150"
"234","2022","경기","4134000","경기화성시","기타시설","기타시설","유앤아이센터","2009.01.30","위탁","31450.86","19375","77","286609","69519966190","69519966190","1777458376","23454169919","46065796271","40","7240918000","1442475410","-5798442590"
"235","2022","경기","4134000","경기화성시","기타시설","기타시설","모두누림센터","2016.11.15","위탁","20332.72","22500","36","144308","50849831236","50849831236","1271277103","7838289217","43011542019","40","5732043000","897648700","-4834394300"
"236","2022","경기","4134000","경기화성시","체육시설","기타체육시설","화성국민체육센터","2010.12.09","위탁","1968.36","12249","23","333000","30756000000","19336799970","483419999","5801039988","13535759982","40","3233112000","1450015100","-1783096900"
"237","2022","경기","4134000","경기화성시","기타시설","기타시설","동탄복합문화센터","2008.10.08","위탁","28633","40397","42","289834","42246000000","292578400","16067809","147968118","144610282","40","6184313000","833510000","-5350803000"
"238","2022","경기","4134000","경기화성시","기타시설","기타시설","동탄중앙이음터","2016.08.10","위탁","10392.92","2701","28","25840","20687538530","20117452110","502936302","3227174604","16890277506","40","1527210070","20114030","-1507096040"
"239","2022","경기","4134000","경기화성시","기타시설","기타시설","다원이음터","2018.09.07","위탁","11864.69","3300","28","105986","21039961930","21039961930","525999048","2060162938","18979798992","40","1541340990","39061180","-1502279810"
"240","2022","경기","4134000","경기화성시","기타시설","기타시설","우리꽃식물원","2010.05.05","직영","4512.97","128213","15","107540","29900000000","26979904390","229200192","4473085946","22506818444","40","240528000","184084330","-56443670"
"241","2022","경기","4134000","경기화성시","체육시설","기타체육시설","동탄중앙어울림센터","2018.01.  ","위탁","11734.92","11128","18","192268","49800000000","68760704","1719017","8595085","60165619","40","2305303000","958202110","-1347100890"
"242","2022","경기","4134000","경기화성시","기타시설","기타시설","동작나래관","2019.03.01","위탁","4356","2406","13","219","22000000000","21530157350","203253933","813015732","20717141618","40","579413061","354729310","-224683751"
"243","2022","경기","4136000","경기양주시","체육시설","체육관","옥정호수스포츠센터","2019.07.07","위탁","4201","3158","20","144206","27500000000","27088766160","677219154","2031657461","25057108699","40","1490938000","730749000","-760189000"
"244","2022","경기","4136000","경기양주시","체육시설","육상경기장","백석생활체육공원","2013.04.11","위탁","621.51","74115","3","94315","23365000000","22405211244","1121948963","6469690247","15935520997","40","2218630000","237461000","-1981169000"
"245","2022","경기","4136000","경기양주시","체육시설","축구장","광적생활체육공원","2011.06.13","위탁","245","104443","1","44385","22592000000","13942859297","6501879","12071249049","1871610248","40","346523000","76315000","-270208000"
"246","2022","경기","4137000","경기포천시","문화시설","문화예술회관","포천반월아트홀","2003.10.18","위탁","3905","19599","27","9403","26000000000","22300000000","557500000","10638958333","11661041667","40","5717731343","6014736338","297004995"
"247","2022","경기","4177000","경기가평군","기타시설","기타시설","음악역1939","2018.10.01","직영","5227","37579","11","15000","25606720560","25606720560","640168014","2720714059","22886006501","40","1301000000","30300000","-1270700000"
"248","2022","경기","4178000","경기양평군","문화시설","박물관","황순원문학촌 소나기마을","2009.06.13","위탁","2035.29","47640","11","58986","12400000000","12400000000","108500000","4340000000","8060000000","40","1069937000","52851500","-1017085500"
"249","2022","경기","4178000","경기양평군","체육시설","체육관","용문국민체육센터","2017.05.31","위탁","4981","51520","32","12000","10200000000","10200000000","600576683","7300399360","2899600640","40","1539586000","341911026","-1197674974"
"250","2022","경기","4178000","경기양평군","체육시설","체육관","물맑은 양평종합운동장","2018.04.10","위탁","5318.07","164158","18","41000","79018000000","79018000000","16500000","41250000","78976750000","40","1010526000","387949744","-622576256"
"251","2022","경기","4178000","경기양평군","기타시설","기타시설","양평 맑은숲캠프","2009.04.28","위탁","3616","140995","5","1050","13000000000","13000000000","33100000","12996690000","3310000","40","185953890","29100000","-156853890"
"252","2022","경기","4178000","경기양평군","기타시설","기타시설","양서에코힐링센터","2019.12.31","위탁","1568.51","3410","28","45000","21477000000","21477000000","0","0","21477000000","0","970135000","250051522","-720083478"
"253","2022","경기","4178000","경기양평군","기타시설","기타시설","양평 오커빌리지","2010.12.03","위탁","1304","13375","0","9280","11000000000","11000000000","279000000","10721000000","279000000","40","145082920","25400000","-119682920"
"254","2022","강원","4211000","강원춘천시","체육시설","테니스장","송암테니스장","2009.10.22","위탁","10817","58865","6","77630","20000000000","20000000000","500000000","6000000000","14000000000","40","693608724","487525082","-206083642"
"255","2022","강원","4211000","강원춘천시","체육시설","육상경기장","종합경기장","2009.07.31","위탁","6164","75595","8","34455","41000000000","41000000000","1025000000","13325000000","27675000000","40","1088347627","124160640","-964186987"
"256","2022","강원","4212000","강원원주시","문화시설","공립도서관","원주시립중앙도서관","2015.12.11","직영","9890","17438","40","401141","33000000000","33000000000","1031250000","6600000000","26400000000","40","1977334000","21458520","-1955875480"
"257","2022","강원","4212000","강원원주시","체육시설","체육관","원주국민체육센터","2006.07.22","위탁","9994","19354","18","304697","38880000000","38880000000","972000000","15552000000","23328000000","40","779000000","235000000","-544000000"
"258","2022","강원","4212000","강원원주시","문화시설","문화예술회관","치악예술관","1994.05.04","직영","7807","15630","8","20000","16514000000","16514000000","412850000","11972650000","4541350000","40","3565085836","79319548","-3485766288"
"259","2022","강원","4212000","강원원주시","문화시설","문화예술회관","원주백운아트홀","2007.12.20","직영","6413","109574","5","46880","13000000000","13000000000","325000000","4875000000","8125000000","40","390000000","36605060","-353394940"
"260","2022","강원","4212000","강원원주시","체육시설","체육관","종합체육관","2013.06.10","위탁","23034","270559","10","50148","50000000000","50000000000","1250000000","11250000000","38750000000","40","1721652750","123887000","-1597765750"
"261","2022","강원","4212000","강원원주시","체육시설","체육관","원주드림체육관","2015.01.05","직영","5034","6066","14","60786","12109230000","12109230000","303000000","2422000000","9687230000","40","679500000","163784810","-515715190"
"262","2022","강원","4212000","강원원주시","기타시설","기타시설","원주한지테마파크","2010.09.03","위탁","3795","26279","12","74851","14157000000","14157000000","354000000","4956000000","9201000000","40","779000000","235000000","-544000000"
"263","2022","강원","4213000","강원강릉시","체육시설","체육관","강릉실내종합체육관","1998.12.15","위탁","17123","27212","12","28026","24433137600","24424758620","260195793","9875477185","14549281435","40","912930020","0","-912930020"
"264","2022","강원","4213000","강원강릉시","기타시설","기타시설","강릉녹색도시체험센터(이젠)","2014.03.28","직영","7865","60243","15","57028","35350000000","34676748320","866918708","7108638109","27568110211","40","1082147717","209938109","-872209608"
"265","2022","강원","4213000","강원강릉시","체육시설","축구장","강남축구공원","2010.05.14","직영","2684","118818","5","38585","24817000000","10219940700","264852599","1922237983","8297702717","40","1430736350","43226000","-1387510350"
"266","2022","강원","4214000","강원동해시","체육시설","육상경기장","동해웰빙레포츠타운 종합경기장","1993.06.30","위탁","20736","378045","6","109174","25356332680","22821030680","543909163","11029621661","11791409019","40","680000000","34000000","-646000000"
"267","2022","강원","4215000","강원태백시","문화시설","박물관","태백석탄박물관","1997.06.04","직영","7194","23811","7","41375","15230000000","14534639340","363365983","9296113070","5238526270","40","304260000","55302880","-248957120"
"268","2022","강원","4215000","강원태백시","문화시설","박물관","태백고생대자연사박물관","2010.06.22","직영","6207","12727","11","37165","20000000000","19080683317","477017082","6201222066","12879461251","40","522330000","58427000","-463903000"
"269","2022","강원","4215000","강원태백시","문화시설","청소년수련회관","한국청소년안전체험관","2012.10.31","직영","25964","950376","85","69110","179000000000","93850123356","2346253083","21116277729","72733845627","40","1308913000","32406383","-1276506617"
"270","2022","강원","4215000","강원태백시","체육시설","체육관","고원체육관","2004.05.25","직영","10956","67647","3","23000","23750000000","23750000000","593750000","11083333333","12666666667","40","520583000","2170000","-518413000"
"271","2022","강원","4215000","강원태백시","문화시설","문화예술회관","태백문화예술회관","2003.06.30","직영","6833.49","27689.34","9","35061","24747000000","17194879134","429871978","7494027646","9700851488","40","941129600","55250000","-885879600"
"272","2022","강원","4217000","강원삼척시","기타시설","기타시설","삼척해양레일바이크","2010.07.20","직영","1540","114775","32","230794","34700000000","31872986443","117399493","28601599886","3271386557","40","5340080030","1789463000","-3550617030"
"273","2022","강원","4217000","강원삼척시","기타시설","기타시설","삼척해상케이블카","2017.09.20","직영","4309","15047","13","224645","28100000000","27245710060","2515314656","12700573210","14545136850","40","1904398519","1861306920","-43091599"
"274","2022","강원","4217000","강원삼척시","기타시설","기타시설","도계유리나라","2018.03.29","직영","5043","23019","13","37549","28075500000","27985619890","667738547","3190186848","24795433042","40","1237222900","189416000","-1047806900"
"275","2022","강원","4275000","강원정선군","문화시설","문화예술회관","아리랑센터","2016.05.19","위탁","7168","10620","18","8892","33307133820","33307133820","176628740","5828748418","27478385402","40","827174080","19140000","-808034080"
"276","2022","강원","4275000","강원정선군","체육시설","육상경기장","정선종합경기장","2011.12.28","위탁","15209","62280","7","56771","80889757147","80889757147","2022243928","20675736806","60214020341","40","777236000","33922000","-743314000"
"277","2022","강원","4276000","강원철원군","문화시설","청소년수련회관","철원종합문화복지센터","2006.06.08","직영","7194","29949","12","51525","16054000000","14983395320","377767340","6155386464","8828008856","40","982771560","48060000","-934711560"
"278","2022","강원","4276000","강원철원군","체육시설","체육관","철원실내체육관","2007.08.28","직영","5478","17366","0","16980","12500000000","10708399020","267709975","4127195448","6581203572","40","120000000","0","-120000000"
"279","2022","강원","4276000","강원철원군","체육시설","체육관","철원국민체육센터","2019.09.18","직영","2273","9967","18","16588","12900000000","950896929","7600000","31033333","919863596","40","554522026","129544260","-424977766"
"280","2022","강원","4276000","강원철원군","체육시설","육상경기장","종합운동장","1996.12.31","직영","1802.43","74633","0","21660","11454536000","10470714755","157639660","5959539254","4511175501","40","229543990","320000","-229223990"
"281","2022","강원","4279000","강원인제군","기타시설","기타시설","인제하늘내린센터","2009.08.06","위탁","6795.45","22905","27","60000","36757000000","3334087467","33458500","271010141","3063077326","40","7213102000","7213000000","-102000"
"282","2022","강원","4281000","강원양양군","체육시설","싸이클경기장","양양싸이클경기장","2012.05.30","직영","4015","104991","2","11158","28965198550","28965198550","724161825","7723118338","21242080212","40","243156000","12000000","-231156000"
"283","2022","강원","4281000","강원양양군","체육시설","육상경기장","양양군종합운동장","2016.06.27","직영","3405","90193","2","11158","26300000000","26300000000","657500000","4328541666","21971458334","40","180088000","6271000","-173817000"
"284","2022","충북","4300000","충북본청","기타시설","기타시설","충북학사 동서울관","2019.10.27","위탁","9514","3746","20","112773","46569000000","46569000000","639648649","2460985592","44108014408","40","2180221295","2681563372","501342077"
"285","2022","충북","4300000","충북본청","기타시설","기타시설","충북미래관","2009.08.24","위탁","12587","2692","22","122469","40311000000","40311000000","781257453","8946436689","31364563311","40","2645850129","3067383048","421532919"
"286","2022","충북","4312000","충북충주시","체육시설","조정카누장","탄금호국제조정경기장","2013.02.18","직영","9877","118239","6","50000","63200000000","63200000000","1151000000","10452000000","52748000000","40","873119000","40576780","-832542220"
"287","2022","충북","4312000","충북충주시","체육시설","육상경기장","충주종합운동장","2017.09.28","직영","34646","307010","11","40000","120300000000","85399263074","2115511516","10753838846","74645424228","40","1194243700","85446700","-1108797000"
"288","2022","충북","4313000","충북제천시","문화시설","과학관","한방생명과학관","2010.06.01","BTL","6663","33215","20","338569","33680000000","33680000000","690357160","8564044588","25115955412","40","664690400","1414032400","749342000"
"289","2022","충북","4314000","충북청주시","문화시설","문화예술회관","청주예술의전당","1995.04.10","직영","19740","32406","75","123520","35457589490","35457589490","943543745","23700603777","11756985713","40","13445003180","556579000","-12888424180"
"290","2022","충북","4314000","충북청주시","체육시설","빙상장","청주실내빙상장","2020.06.30","위탁","6691","16568","15","89449","27500000000","21588739760","539718494","1619155482","19969584278","40","1722920305","552788000","-1170132305"
"291","2022","충북","4378000","충북단양군","기타시설","기타시설","다누리센터","2012.05.25","직영","14436.51","9596.3","49","305191","32600000000","12291233370","508125080","2488448329","9802785041","40","1157178000","2025770840","868592840"
"292","2022","충남","4411000","충남천안시","기타시설","기타시설","천안홍대용과학관","2014.05.14","BTL","3443","13907","19","91146","21855000000","5960378000","149009450","1291415232","4668962768","40","1225094200","108480750","-1116613450"
"293","2022","충남","4411000","충남천안시","문화시설","박물관","천안박물관","2007.11.21","직영","6616","30389","0","80246","39863941333","39863941333","565823846","10385334072","29478607261","40","398298400","6792500","-391505900"
"294","2022","충남","4411000","충남천안시","체육시설","육상경기장","천안종합운동장","2001.12.28","위탁","39074","458874","65","250000","107900000000","105587721240","2587233791","58812573178","46775148062","40","9478009780","2612273876","-6865735904"
"295","2022","충남","4411000","충남천안시","체육시설","축구장","천안축구센터","2008.10.19","위탁","20221","190550","24","190000","123317957460","55808702450","949654679","13865749210","41942953240","40","4777412181","820053829","-3957358352"
"296","2022","충남","4411000","충남천안시","체육시설","야구장","천안야구장","2013.11.26","위탁","0","111365","2","25000","49228000000","12927748110","0","4422438870","8505309240","40","1450423670","66288290","-1384135380"
"297","2022","충남","4411000","충남천안시","문화시설","문화예술회관","천안예술의전당","2012.05.30","BTL","24493","33755","31","78302","66870053360","66870053360","1671751334","17692701618","49177351742","40","2717272800","738064577","-1979208223"
"298","2022","충남","4411000","충남천안시","복지시설","종합사회복지관","천안시종합사회복지관","2019.06.03","위탁","12886","17284","24","231394","38406000000","15068482806","233907487","871839679","14196643127","40","1684312466","0","-1684312466"
"299","2022","충남","4411000","충남천안시","체육시설","수영장","북부스포츠센터","2019.09.26","위탁","4787","33231","26","38000","25606445930","21257550620","531438765","1771462550","19486088070","40","2065249694","457716030","-1607533664"
"300","2022","충남","4412000","충남공주시","기타시설","기타시설","고마","2013.01.09","위탁","6123.54","71294","5","7420","31400000000","24573519200","614337980","4965898671","19607620529","40","512000000","32900000","-479100000"
"301","2022","충남","4413000","충남보령시","체육시설","체육관","보령종합체육관","2016.09.30","직영","13592","16586","7","44571","29480000000","29480000000","784090000","4389090000","25090910000","40","771070650","48550000","-722520650"
"302","2022","충남","4413000","충남보령시","문화시설","박물관","보령문화의전당","2013.11.29","직영","8636","14382","13","80111","46412000000","46412000000","1248700000","10199700000","36212300000","40","785678530","30344580","-755333950"
"303","2022","충남","4415000","충남서산시","기타시설","기타시설","서산버드랜드","2013.11.01","직영","4527","224197","25","88890","32037573830","32034041180","1163368045","11292290027","20741751153","40","1338167000","79420000","-1258747000"
"304","2022","충남","4415000","충남서산시","문화시설","청소년수련회관","서산문화복지센터","2012.05.18","위탁","6928","24618","26","43250","21439000000","21141954690","403363302","4012050865","17129903825","40","2353557000","43368344","-2310188656"
"305","2022","충남","4417000","충남계룡시","문화시설","문화예술회관","계룡문화예술의전당","2011.06.16","BTL","9462","24067","13","41404","26090900000","26090900000","869696666","9421713882","16669186118","30","988472588","43950500","-944522088"
"306","2022","충남","4417000","충남계룡시","체육시설","체육관","계룡시민체육관","2010.12.16","직영","5969","5143","8","37520","13000000000","13000000000","325000000","3900000000","9100000000","40","750704000","18122010","-732581990"
"307","2022","충남","4417000","충남계룡시","체육시설","육상경기장","종합운동장","2012.06.30","직영","2745","176103","8","6345","27543565391","27543565391","170098856","1715163464","25828401927","30","482176000","34127620","-448048380"
"308","2022","충남","4471000","충남금산군","문화시설","문화예술회관","금산다락원","2004.10.29","직영","25719","70176","33","157450","49081935840","41974053830","781474248","14016382337","27957671493","40","4413246440","269863050","-4143383390"
"309","2022","충남","4475000","충남청양군","체육시설","육상경기장","청양공설운동장","1995.10.10","직영","901.92","102602","1","21413","19343000000","9771688592","257400751","7498589077","2273099515","40","124986000","9723470","-115262530"
"310","2022","충남","4475000","충남청양군","체육시설","체육관","청양군민체육관","2009.08.27","직영","5524","40647","2","30125","19500000000","19500000000","487500000","6540624999","12959375001","40","343126000","15415880","-327710120"
"311","2022","충남","4475000","충남청양군","문화시설","문화예술회관","청양문화예술회관","2006.10.25","직영","5615","31106","10","5000","25621000000","25621000000","417364700","18048699268","7572300732","40","489880000","11000000","-478880000"
"312","2022","충남","4477000","충남예산군","체육시설","체육관","윤봉길체육관","2016.12.31","직영","8501","135574","13","20000","33000000000","33000000000","510937872","5233789817","27766210183","40","560586000","9491000","-551095000"
"313","2022","전북","4500000","전북본청","기타시설","기타시설","부안신재생에너지테마파크","2011.06.01","위탁","27813","354437","20","44244","105000000000","105000000000","2625000000","31500000000","73500000000","40","1000000000","0","-1000000000"
"314","2022","전북","4500000","전북본청","문화시설","문화예술회관","한국소리문화의전당","2001.09.21","위탁","36575","110291","43","170074","109400000000","109400000000","3077603500","58474466514","50925533486","40","4710959000","11821450","-4699137550"
"315","2022","전북","4511000","전북전주시","체육시설","수영장","완산수영장","2004.01.19","위탁","8887","23576","19","89732","22500000000","22500000000","562500000","10687500000","11812500000","40","1194848000","696295360","-498552640"
"316","2022","전북","4511000","전북전주시","체육시설","축구장","월드컵경기장","2001.10.31","위탁","52466","473293","16","135434","136506000000","136506000000","3412650000","71665650000","64840350000","40","2085133000","772964000","-1312169000"
"317","2022","전북","4512000","전북군산시","문화시설","문화예술회관","군산예술의전당","2013.03.29","직영","20417.12","39048","24","70053","81000000000","72232853060","1805821326","16402877044","55829976016","40","2699509310","379248350","-2320260960"
"318","2022","전북","4516000","전북김제시","문화시설","문화예술회관","김제문화예술회관","2009.04.24","직영","5193.58","13530","8","21135","16050000000","15783334385","377754198","5140568854","10642765531","40","693478000","18543000","-674935000"
"319","2022","전북","4571000","전북완주군","문화시설","박물관","대한민국 술테마박물관","2014.10.04","직영","4354","61594","12","40304","20700000000","17709777290","442744432","3615746194","14094031096","40","224874200","38429690","-186444510"
"320","2022","전북","4576000","전북순창군","체육시설","기타체육시설","순창공설운동장","2008.11.14","직영","9567.75","181355","5","82000","30096266490","30096266490","315176176","7728388475","22367878015","40","151707780","27496520","-124211260"
"321","2022","전북","4578000","전북부안군","체육시설","기타체육시설","부안스포츠파크","2010.04.15","직영","6536","258120","11","63000","30496118321","30496118321","1051590286","8386432538","22109685783","40","25406000","17700040","-7705960"
"322","2022","전북","4578000","전북부안군","문화시설","박물관","부안청자박물관","2011.04.07","직영","5841.5","69452","12","45428","30404570600","30404570600","733136280","9752958475","20651612125","165","1000547000","192768410","-807778590"
"323","2022","전북","4578000","전북부안군","문화시설","문화예술회관","부안예술회관","2001.01.10","직영","6778","16372","8","0","11387000000","617187000","0","0","0","0","0","0","0"
"324","2022","전북","4578000","전북부안군","기타시설","기타시설","줄포만갯벌생태관","2013.05.03","직영","7943","76755","14","41056","23300000000","17491046679","411185713","3346180644","14144866035","38","669319500","119273000","-550046500"
"325","2022","전남","4611000","전남목포시","체육시설","축구장","목포국제축구센터","2009.08.10","위탁","16481","214934","21","119333","71800000000","586220885","20400000","219299999","366920886","40","2274158489","3785957235","1511798746"
"326","2022","전남","4611000","전남목포시","문화시설","박물관","김대중노벨평화상기념관","2013.06.15","위탁","4677","15606","10","114905","20450000000","73615360","1437936","47636344","25979016","40","1083000000","1417000000","334000000"
"327","2022","전남","4611000","전남목포시","문화시설","박물관","목포자연사박물관","2004.09.10","직영","9177","29226","17","169366","21380000000","6914860038","98443795","1843936434","5070923604","40","1227000000","306023100","-920976900"
"328","2022","전남","4611000","전남목포시","문화시설","문화예술회관","시민문화체육센터","2003.04.30","직영","17547","55173","8","41297","31000000000","55160000","0","55159000","1000","40","367522170","50179650","-317342520"
"329","2022","경북","4700000","경북본청","문화시설","공립도서관","경북도서관","2018.11.26","직영","8273","22396","41","221762","35084000000","33352530111","548254052","1827513506","31525016605","40","2821002850","158420","-2820844430"
"330","2022","경북","4711000","경북포항시","문화시설","박물관","새천년기념관","2009.10.04","직영","5101","5447.7","9","20729","11761785320","11761785320","294044633","3553039315","8208746005","40","496346000","30134200","-466211800"
"331","2022","경북","4711000","경북포항시","체육시설","야구장","포항야구장","2013.01.25","위탁","7352","235752","11","43151","31700000000","31440117210","1094776882","3340843900","28099273310","40","830000000","80000000","-750000000"
"332","2022","경북","4711000","경북포항시","복지시설","종합사회복지관","뱃머리 평생교육관","2013.07.20","직영","12827","54252","27","210000","29900000000","29891426250","631880921","7038399570","22853026680","40","509247700","57523896","-451723804"
"333","2022","경북","4711000","경북포항시","기타시설","기타시설","포항구룡포과메기문화관","2016.05.31","직영","7678","5071","6","173906","15338000000","15290646475","393231758","1385989994","13904656481","40","66190750","26875870","-39314880"
"334","2022","경북","4711000","경북포항시","문화시설","공립도서관","포항시립포은중앙도서관","2015.07.29","직영","9812","6815","25","1494443","24000000000","23312509741","635167545","5218443766","18094065975","40","2064124000","41458570","-2022665430"
"335","2022","경북","4711000","경북포항시","문화시설","박물관","귀비고","2018.06.03","위탁","1392","82637","6","394377","10000000000","6413313410","166639243","1011424590","5401888820","40","451764824","8158480","-443606344"
"336","2022","경북","4711000","경북포항시","체육시설","수영장","장량국민체육센터","2019.02.25","위탁","2836","17403","23","139414","22700000000","16946037480","459716615","2345295348","14600742132","40","1548000000","559000000","-989000000"
"337","2022","경북","4711000","경북포항시","문화시설","미술관","포항시립미술관","2009.12.22","직영","5658","8008","16","360493","15252617831","15252617831","347930696","4204162567","11048455264","40","3348000000","7920000","-3340080000"
"338","2022","경북","4711000","경북포항시","문화시설","문화예술회관","포항문화예술회관","1995.03.20","위탁","12944","31988","17","55998","28100000000","194455000","4861607","14980654","179474346","40","938450000","14504320","-923945680"
"339","2022","경북","4712000","경북경주시","체육시설","체육관","실내체육관","1998.09.15","위탁","9149","21000","3","20058","24800000000","24800000000","620000000","15086666666","9713333334","40","298640510","27756210","-270884300"
"340","2022","경북","4712000","경북경주시","문화시설","문화예술회관","경주 예술의전당","2010.08.12","BTL","21232","31595","22","91208","75450000000","75450000000","1794937791","22169566089","53280433911","40","1560124300","494200511","-1065923789"
"341","2022","경북","4714000","경북안동시","체육시설","체육관","안동체육관","2002.06.19","위탁","8038","33206","7","104570","31494000000","31494000000","787350000","15747000000","15747000000","40","699759880","264255460","-435504420"
"342","2022","경북","4714000","경북안동시","기타시설","기타시설","유교랜드","2013.06.01","위탁","13349","14650","21","48575","43000000000","43000000000","1075000000","9675000000","33325000000","40","1444883394","228982352","-1215901042"
"343","2022","경북","4714000","경북안동시","문화시설","문화예술회관","안동문화예술의전당","2010.09.17","BTL","18329","18284","39","44041","49565000000","49565000000","1239125000","14869500000","34695500000","40","3515652066","589722122","-2925929944"
"344","2022","경북","4719000","경북문경시","문화시설","박물관","문경자연생태박물관","2007.10.14","직영","3643","63057","7","20619","15719000000","8522200718","205409994","3064032408","5458168310","40","199030000","18215300","-180814700"
"345","2022","경북","4719000","경북문경시","문화시설","박물관","석탄박물관(에코랄라 이용시 무료입장)","1999.05.20","위탁","1805","50136","7","216361","19290000000","6572417440","176688740","3963208286","2609209154","40","369273000","0","-369273000"
"346","2022","경북","4719000","경북문경시","문화시설","박물관","에코랄라","2018.09.01","위탁","18486","1032818","25","216361","111900000000","25356072826","567168295","9515844793","15840228033","40","144160000","2219048054","2074888054"
"347","2022","경북","4720000","경북경산시","문화시설","박물관","경산삼성현문화박물관","2013.06.26","직영","6235","262462","42","69595","51300000000","51300000000","917991468","6267193065","45032806935","40","1420281680","34642750","-1385638930"
"348","2022","경북","4720000","경북경산시","체육시설","체육관","경산실내체육관","2009.03.06","직영","17851","36375","7","41363","49200000000","49200000000","1230000000","15990000000","33210000000","40","743608013","104080200","-639527813"
"349","2022","경북","4720000","경북경산시","체육시설","육상경기장","경산시민운동장","2009.03.06","직영","6478","73908","7","17575","26500000000","26500000000","662500000","8612500000","17887500000","40","465510707","13645600","-451865107"
"350","2022","경북","4772000","경북의성군","문화시설","박물관","의성조문국박물관","2012.10.24","직영","3980","18695","17","94737","18000000000","18000000000","450000000","4500000000","13500000000","40","1092240170","88438230","-1003801940"
"351","2022","경북","4772000","경북의성군","체육시설","체육관","의성국민체육센터","2014.04.23","직영","1427","9200","10","44941","10200000000","10200000000","255000000","2040000000","8160000000","40","610550140","86850720","-523699420"
"352","2022","경북","4777000","경북고령군","문화시설","문화예술회관","문화누리관","2015.09.16","직영","5904.01","35123","9","146750","59261312210","59261312210","1408707575","10512946366","48748365844","40","2246199000","415629000","-1830570000"
"353","2022","경북","4777000","경북고령군","기타시설","기타시설","다산행정복합타운","2018.05.11","직영","8121","5208.22","5","63496","20140520000","20140520000","506241749","3104642669","17035877331","40","200000000","0","-200000000"
"354","2022","경북","4778000","경북성주군","기타시설","기타시설","창의문화센터","2022.12.07","직영","8638.5","5864","2","30000","25400000000","25400000000","635000000","635000000","24765000000","1","538000000","243987000","-294013000"
"355","2022","경북","4778000","경북성주군","문화시설","박물관","성주군 성산동 고분군 전시관","2019.10.30","직영","2895","46188","10","25000","18977000000","10219282330","27619819","766446174","9452836156","40","602882000","6092100","-596789900"
"356","2022","경북","4778000","경북성주군","문화시설","문화예술회관","성주문화예술회관","2002.10.30","직영","6673","14890","13","28845","16390000000","13162461930","182385271","4197422902","8965039028","40","889665100","97835500","-791829600"
"357","2022","경북","4778000","경북성주군","문화시설","박물관","가야산역사신화공원","2017.09.15","직영","2865","6081","6","47000","12734000000","545884000","94463930","386790939","159093061","6","300407040","8555580","-291851460"
"358","2022","경북","4779000","경북칠곡군","문화시설","박물관","호국평화기념관","2015.10.15","직영","9461","232020","39","90604","54815000000","54815000000","1370375000","9821020833","44993979167","40","1808623450","85469130","-1723154320"
"359","2022","경북","4779000","경북칠곡군","체육시설","육상경기장","칠곡종합운동장","2010.12.10","직영","16599","153491","9","20070","35018000000","35018000000","425046672","12326353503","22691646497","40","958388590","23468470","-934920120"
"360","2022","경북","4780000","경북예천군","기타시설","기타시설","곤충생태원","2007.07.01","직영","3402","243836","32","70000","45100000000","45100000000","2255000000","15785000000","29315000000","40","869160000","393567200","-475592800"
"361","2022","경북","4782000","경북울진군","체육시설","기타체육시설","울진국민체육센터","2018.01.10","직영","4622.52","70373","24","39748","34334000000","34334000000","1320538000","4753938000","29580062000","30","896560000","94292250","-802267750"
"362","2022","경남","4800000","경남본청","문화시설","문화예술회관","경상남도문화예술회관","1988.08.29","직영","14633","18894","33","70146","28438504780","28438504780","710962619","24172729063","4265775717","40","7210698000","874783000","-6335915000"
"363","2022","경남","4811000","경남창원시","문화시설","문화예술회관","성산아트홀","2000.04.25","위탁","40890","38956","66","179841","81804000000","76484800000","1980005917","40514692503","35970107497","40","10159234650","890826195","-9268408455"
"364","2022","경남","4811000","경남창원시","문화시설","공립도서관","최윤덕도서관","2022.03.07","직영","4484.79","6363.3","24","144085","21517811000","21517811000","448287729","448287729","21069523271","40","8939901147","66150050","-8873751097"
"365","2022","경남","4811000","경남창원시","체육시설","체육관","성산스포츠센터","2017.01.02","위탁","11500","9916","29","510844","32318000000","28870000","0","28869000","1000","40","1643572000","1686381846","42809846"
"366","2022","경남","4811000","경남창원시","체육시설","사격장","창원국제사격장","1982.07.16","위탁","19320","147088","20","95793","46900000000","12344300401","272905339","7807890284","4536410117","40","1008000000","774883475","-233116525"
"367","2022","경남","4811000","경남창원시","문화시설","문화예술회관","3.15아트센터","2008.05.20","위탁","20040","21454","34","145483","64000000000","58598345030","1505371277","19082348989","39515996041","40","5549450734","506687377","-5042763357"
"368","2022","경남","4811000","경남창원시","체육시설","축구장","창원축구센터","2009.12.01","위탁","14362","156293","15","141647","116800000000","4510565830","27647416","365758181","4144807649","40","1514944000","585903051","-929040949"
"369","2022","경남","4811000","경남창원시","체육시설","수영장","창원실내수영장","1997.11.04","위탁","14329","39626","28","133038","28712286600","28712286600","756601780","17489360196","11222926404","40","570937000","259586369","-311350631"
"370","2022","경남","4811000","경남창원시","체육시설","육상경기장","창원종합운동장","1993.03.19","위탁","25311","369924","17","223417","23499267930","23499267930","278369578","11440477366","12058790564","40","1090016000","1234925308","144909308"
"371","2022","경남","4811000","경남창원시","체육시설","싸이클경기장","창원자전거(경륜)경기장","1997.09.30","위탁","42339","52880","252","353052","71334620880","50487478000","1305585928","26878132462","23609345538","50","25696532018","25749134108","52602090"
"372","2022","경남","4811000","경남창원시","문화시설","청소년수련회관","우리누리청소년문화센터","2008.02.22","위탁","13914","29908","25","353973","23335531000","19079272900","179240762","5576468754","13502804146","40","1482393000","1097243054","-385149946"
"373","2022","경남","4811000","경남창원시","문화시설","과학관","창원과학체험관","2009.12.28","BTL","8122","31565","27","139959","31001076530","31001076530","75440432","4999616554","26001459976","40","1310926000","71408000","-1239518000"
"374","2022","경남","4811000","경남창원시","체육시설","기타체육시설","의창스포츠센터","2009.04.02","위탁","11903","9916","30","634070","29200000000","28727380600","728838160","9473902873","19253477727","40","1788169000","1494797489","-293371511"
"375","2022","경남","4813000","경남진주시","체육시설","체육관","진주실내체육관","2008.12.18","직영","14764","60522","2","108767","31600000000","31600000000","684315432","12600432267","18999567733","40","323555320","96184000","-227371320"
"376","2022","경남","4813000","경남진주시","문화시설","박물관","진주청동기문화박물관","2006.12.14","직영","2432","27373","6","33259","13528319531","13528319531","297775888","4767290902","8761028629","40","3224245000","13083000","-3211162000"
"377","2022","경남","4813000","경남진주시","체육시설","육상경기장","진주종합경기장","2010.07.23","직영","41160","206214","8","44611","180500000000","180500000000","4397628759","84932739931","95567260069","40","1166306520","1652690000","486383480"
"378","2022","경남","4817000","경남김해시","체육시설","육상경기장","김해운동장","2004.05.20","위탁","3512","61127","3","34609","36100000000","13130477413","329121258","5244325193","7886152220","40","287000000","61984070","-225015930"
"379","2022","경남","4817000","경남김해시","문화시설","공립도서관","진영한빛도서관","2009.10.06","직영","6568","20044","33","145141","29761000000","29761000000","393642132","5005536015","24755463985","40","262710000","22948700","-239761300"
"380","2022","경남","4817000","경남김해시","문화시설","미술관","클레이아크김해","2006.05.31","위탁","11814.39","41925","43","74469","22712000000","22712000000","1092492154","16142491351","6569508649","40","3262000000","170000000","-3092000000"
"381","2022","경남","4817000","경남김해시","기타시설","기타시설","김해문화의전당","2005.11.15","위탁","43633.7","31326.09","91","597693","87364000000","87364000000","2436991020","40428203727","46935796273","40","8427000000","1897000000","-6530000000"
"382","2022","경남","4817000","경남김해시","기타시설","기타시설","김해서부문화센터","2018.06.15","위탁","18382069","12229","53","320892","60000000000","60000000000","1275664297","5846794694","54153205306","40","5770000000","1264000000","-4506000000"
"383","2022","경남","4819000","경남거제시","문화시설","박물관","거제조선해양문화관","2003.09.10","위탁","7523","22034","10","188884","32179000000","9470081280","233655191","4481879532","4988201748","40","965168650","242717550","-722451100"
"384","2022","경남","4819000","경남거제시","기타시설","기타시설","거제문화예술회관","2003.10.21","위탁","20243","25749","28","58962","65651689820","65651689820","1546638030","26756343243","38895346577","40","3955196678","4019436377","64239699"
"385","2022","경남","4819000","경남거제시","체육시설","기타체육시설","거제스포츠파크","2012.01.06","위탁","3278","98508","4","299467","23900000000","20677437510","513532147","5666654337","15010783173","40","361087290","63229760","-297857530"
"386","2022","경남","4820000","경남양산시","체육시설","기타체육시설","웅상체육공원","2013.04.30","위탁","223","124794","2","110481","28614000000","28614000000","715350000","7690012500","20923987500","40","90000000","60018754","-29981246"
"387","2022","경남","4820000","경남양산시","기타시설","기타시설","양산비즈니스센터","2019.05.14","직영","9321.64","3996","7","100000","24001991280","24001991280","606709524","2767157936","21234833344","40","430253350","188544440","-241708910"
"388","2022","경남","4820000","경남양산시","체육시설","체육관","웅상문화체육센터","2008.04.01","위탁","14318","10000","33","181589","25600000000","25600000000","640000000","9440000000","16160000000","40","1782926000","613451830","-1169474170"
"389","2022","경남","4820000","경남양산시","체육시설","체육관","국민체육센터","2010.12.16","위탁","11823","26588","37","215937","24692000000","24692000000","617300000","7459041667","17232958333","40","2276511000","779940073","-1496570927"
"390","2022","경남","4820000","경남양산시","체육시설","기타체육시설","양산종합운동장","2002.11.15","위탁","29081","140500","15","145252","60384000000","60384000000","1258000000","30192000000","30192000000","40","1175163000","233517573","-941645427"
"391","2022","경남","4872000","경남함안군","체육시설","기타체육시설","스포츠타운","2011.04.29","직영","609","87676","7","56255","25400000000","25400000000","635000000","7620000000","17780000000","40","272126960","45341090","-226785870"
"392","2022","경남","4874000","경남고성군","문화시설","박물관","고성공룡박물관","2004.11.09","직영","3411","7400","33","209972","12880000000","12880000000","370984113","4594688142","8285311858","40","534641534","1094070000","559428466"
"393","2022","경남","4874000","경남고성군","체육시설","축구장","고성군 스포츠 타운","2014.02.26","직영","261","83043","0","25000","14770000000","14118509835","0","5285779492","8832730343","40","140010000","84872000","-55138000"
"394","2022","경남","4874000","경남고성군","체육시설","체육관","고성군국민체육센터","2013.07.19","직영","5791","6980","11","20000","10000000000","9914175560","0","108800715","9805374845","40","62441000","9958000","-52483000"
"395","2022","경남","4875000","경남남해군","체육시설","체육관","남해실내체육관","2008.12.12","직영","5627","8912","3","23757","15200000000","15200000000","729269174","10243354538","4956645462","40","234157510","3562000","-230595510"
"396","2022","경남","4875000","경남남해군","체육시설","체육관","남해군국민체육센터","2015.07.01","직영","4213","5832","19","102981","10250000000","10250000000","259730319","1558262114","8691737886","40","930410310","303965170","-626445140"
"397","2022","경남","4876000","경남하동군","기타시설","기타시설","해양플랜트연구단지","2016.01.18","직영","285.46","165290","10","150","70200000000","2619306331","65482658","381982171","2237324160","40","71691000","32298480","-39392520"
"398","2022","경남","4878000","경남함양군","문화시설","문화예술회관","함양군문화예술회관","2011.09.23","직영","5580","17541","14","34969","20473082610","20473082610","512108672","5707282555","14765800055","40","751890000","39614000","-712276000"
