시도,시군구,행정번호,년도,우울증환자수,평균연령,총인구수,스트레스인지율,고용률,코로나확진자수,1인당 정신건강예산(원),공공시설개수,우울증지수
서울특별시,서울종로구,1111000000,2018,14837,44.2,153065,34.2,59.6,0,5326,44,9.693267566
서울특별시,서울중구,1114000000,2018,4352,44.6,125725,28.3,59.6,0,5326,42,3.461523166
서울특별시,서울용산구,1117000000,2018,2370,43.6,228999,20,59.6,0,5326,53,1.034939017
서울특별시,서울성동구,1120000000,2018,3657,42,308221,31.3,59.6,0,5326,50,1.18648632
서울특별시,서울광진구,1121500000,2018,6917,41.4,355559,29.4,59.6,0,5326,47,1.945387404
서울특별시,서울동대문구,1123000000,2018,8382,43.3,348052,28,59.6,0,5326,50,2.408260835
서울특별시,서울중랑구,1126000000,2018,5718,43.5,403209,32.8,59.6,0,5326,61,1.418123107
서울특별시,서울성북구,1129000000,2018,5728,42.5,435868,29.5,59.6,0,5326,51,1.314159333
서울특별시,서울강북구,1130500000,2018,3002,44.7,319164,31,59.6,0,5326,57,0.940582271
서울특별시,서울도봉구,1132000000,2018,2810,43.9,339413,28.9,59.6,0,5326,72,0.827899933
서울특별시,서울노원구,1135000000,2018,8952,41.9,543752,26.1,59.6,0,5326,182,1.646338772
서울특별시,서울은평구,1138000000,2018,6134,43.1,483197,22.9,59.6,0,5326,111,1.269461524
서울특별시,서울서대문구,1141000000,2018,7653,43,310313,25.8,59.6,0,5326,57,2.466219591
서울특별시,서울마포구,1144000000,2018,11217,41.2,375077,16.6,59.6,0,5326,89,2.990585933
서울특별시,서울양천구,1147000000,2018,5366,41,464185,29.3,59.6,0,5326,98,1.15600461
서울특별시,서울강서구,1150000000,2018,6220,41.4,596949,33.2,59.6,0,5326,150,1.041965059
서울특별시,서울구로구,1153000000,2018,8525,42.5,404497,24.5,59.6,0,5326,60,2.107555804
서울특별시,서울금천구,1154500000,2018,3079,43.4,233917,30.7,59.6,0,5326,54,1.316278851
서울특별시,서울영등포구,1156000000,2018,6891,42.5,367778,27.8,59.6,0,5326,54,1.873684668
서울특별시,서울동작구,1159000000,2018,9006,42.1,396203,36.1,59.6,0,5326,55,2.273077185
서울특별시,서울관악구,1162000000,2018,7717,41.7,501957,25.3,59.6,0,5326,79,1.537382684
서울특별시,서울서초구,1165000000,2018,15234,40.4,433951,34.1,59.6,0,5326,139,3.5105346
서울특별시,서울강남구,1168000000,2018,21672,40.5,542364,32.5,59.6,0,5326,133,3.995840432
서울특별시,서울송파구,1171000000,2018,12986,40.7,666635,16.1,59.6,0,5326,145,1.94799253
서울특별시,서울강동구,1174000000,2018,14858,42.1,427573,24.1,59.6,0,5326,75,3.47496217
부산광역시,부산진구,2611000000,2018,10813,48.9,362357,24.8,55.7,0,3872,27,2.984073717
부산광역시,부산수영구,2614000000,2018,8094,47.3,176246,21.4,55.7,0,3872,20,4.592444651
부산광역시,부산동구,2617000000,2018,5094,48.6,86912,26.9,55.7,0,3872,7,5.861100884
부산광역시,부산중구,2620000000,2018,2243,48.4,42795,25.2,55.7,0,3872,5,5.241266503
부산광역시,부산북구,2623000000,2018,3669,44.4,296952,25.8,55.7,0,3872,77,1.235553221
부산광역시,부산동래구,2626000000,2018,5819,43.5,266515,19.2,55.7,0,3872,45,2.18336679
부산광역시,부산남구,2629000000,2018,3054,43.9,279917,28.1,55.7,0,3872,35,1.0910377
부산광역시,부산사상구,2632000000,2018,2773,43,223361,20.1,55.7,0,3872,34,1.241487995
부산광역시,부산해운대구,2635000000,2018,6655,42.9,409347,21.3,55.7,0,3872,75,1.625760052
부산광역시,부산서구,2638000000,2018,2937,43.6,110534,23.1,55.7,0,3872,6,2.657100983
부산광역시,부산금정구,2641000000,2018,2710,44.8,242956,21.8,55.7,0,3872,40,1.115428308
부산광역시,부산강서구,2644000000,2018,228,38.4,122957 ,29,55.7,0,3872,88,0.185430679
부산광역시,부산영도구,2647000000,2018,2035,43.8,120109,29.6,55.7,0,3872,16,1.694294349
부산광역시,부산연제구,2650000000,2018,4080,45.1,207840,30.1,55.7,0,3872,28,1.963048499
부산광역시,부산사하구,2653000000,2018,4083,44,327791,27.1,55.7,0,3872,59,1.24561077
부산광역시,부산기장군,2671000000,2018,2410,40.5,164864,23.6,55.7,0,3872,131,1.461810947
대구광역시,대구중구,2711000000,2018,6044,44.4,79401,27.6,58.2,0,3788,23,7.611994811
대구광역시,대구동구,2714000000,2018,5813,43.7,351291,21.3,58.2,0,3788,109,1.654753466
대구광역시,대구서구,2717000000,2018,2874,46.5,184372,16.5,58.2,0,3788,21,1.558805025
대구광역시,대구남구,2720000000,2018,3703,46.7,150501,22.9,58.2,0,3788,23,2.460448768
대구광역시,대구북구,2723000000,2018,5189,41,439489,24.4,58.2,0,3788,101,1.180689392
대구광역시,대구수성구,2726000000,2018,9566,41.6,432759,21.4,58.2,0,3788,87,2.210468182
대구광역시,대구달서구,2729000000,2018,10385,41.2,573413,25.3,58.2,0,3788,186,1.811085553
대구광역시,대구달성군,2771000000,2018,1199,39.3,250543,26.2,58.2,0,3788,102,0.478560566
인천광역시,인천중구,2811000000,2018,4286,41.5,122499,30.7,62.9,0,3151,129,3.498804072
인천광역시,인천동구,2814000000,2018,724,45.3,66233,30.6,62.9,0,3151,14,1.093110685
인천광역시,인천미추홀구,2817700000,2018,5451,42.7,416542,36.8,62.9,0,3151,34,1.308631543
인천광역시,인천연수구,2818500000,2018,3671,38.7,346359,29.9,62.9,0,3151,111,1.059882954
인천광역시,인천남동구,2820000000,2018,8486,40.5,537161,29.5,62.9,0,3151,160,1.579787066
인천광역시,인천부평구,2823700000,2018,11108,41.7,524640,32.6,62.9,0,3151,94,2.11726136
인천광역시,인천계양구,2824500000,2018,4343,41.2,312680,27.7,62.9,0,3151,60,1.388959959
인천광역시,인천서구,2826000000,2018,7344,38.9,538596,33.2,62.9,0,3151,140,1.363545218
인천광역시,인천강화군,2871000000,2018,300,51.7,68896,30.2,62.9,0,3151,4,0.435438922
인천광역시,인천옹진군,2872000000,2018,0,48.3,21036,33,62.9,0,3151,0,0
광주광역시,광주동구,2911000000,2018,4746,45.6,94475,29.5,59.4,0,7995,83,5.023551204
광주광역시,광주서구,2914000000,2018,3173,40.4,304172,29.4,59.4,0,7995,168,1.043159791
광주광역시,광주남구,2915500000,2018,3088,42,216369,26.1,59.4,0,7995,53,1.427191511
광주광역시,광주북구,2917000000,2018,6789,40.9,439773,22.5,59.4,0,7995,216,1.543750981
광주광역시,광주광산구,2920000000,2018,5867,37,404547,28.6,59.4,0,7995,366,1.450264123
대전광역시,대전동구,3011000000,2018,3117,43.3,229071,24,58.7,0,6716,53,1.360713491
대전광역시,대전중구,3014000000,2018,7810,43.4,244421,26.6,58.7,0,6716,53,3.195306459
대전광역시,대전서구,3017000000,2018,10943,39.8,484663,30.2,58.7,0,6716,115,2.257857522
대전광역시,대전유성구,3020000000,2018,3552,37.5,349790,26.7,58.7,0,6716,161,1.015466423
대전광역시,대전대덕구,3023000000,2018,2683,42.2,181991,29.9,58.7,0,6716,84,1.474248727
울산광역시,울산중구,3111000000,2018,2588,41.6,231973,39.8,59,0,3836,116,1.11564708
울산광역시,울산남구,3114000000,2018,8872,40.5,330732,23,59,0,3836,118,2.682534499
울산광역시,울산동구,3117000000,2018,1542,39.6,164642,18.9,59,0,3836,66,0.936577544
울산광역시,울산북구,3120000000,2018,533,37.2,206434,21.8,59,0,3836,55,0.258193902
울산광역시,울산울주군,3171000000,2018,971,41.5,221842,21.5,59,0,3836,107,0.437698903
세종특별자치시,세종시,3611000000,2018,4062,36.7,314126,30.1,61.8,0,3513,73,1.293111681
경기도,경기수원장안구,4111100000,2018,3402,40.4,286433,27.7,59.75,0,4376,60,1.18771231
경기도,경기수원권선구,4111300000,2018,2114,39.1,377647,27.7,59.75,0,4376,147,0.559782019
경기도,경기수원팔달구,4111500000,2018,9645,42.2,180974,27.7,59.75,0,4376,45,5.329494845
경기도,경기수원영통구,4111700000,2018,5113,36,356112,27.7,59.75,0,4376,93,1.435784248
경기도,경기성남수정구,4113100000,2018,3803,42.7,234133,29.4,58.35,0,4376,28,1.624290467
경기도,경기성남중원구,4113300000,2018,2849,42.6,224885,29.4,58.35,0,4376,46,1.266869733
경기도,경기성남분당구,4113500000,2018,20184,39.7,495329,29.4,58.35,0,4376,147,4.074867411
경기도,경기의정부시,4115000000,2018,10055,41.7,447026,27.8,55.8,0,4376,113,2.249309884
경기도,경기안양만안구,4117100000,2018,3617,42.4,251512,27.2,58.35,0,4376,55,1.438102357
경기도,경기안양동안구,4117300000,2018,8645,39.9,325319,27.2,58.35,0,4376,85,2.657391668
경기도,경기부천시,4119000000,2018,13981,41.2,843768,30.3,58.95,0,4376,196,1.656972059
경기도,경기광명시,4121000000,2018,3662,40.8,326841,30.5,58.35,0,4376,88,1.120422468
경기도,경기평택시,4122000000,2018,5911,40,495642,28.9,60.35,0,4376,538,1.192594655
경기도,경기동두천시,4125000000,2018,1610,44.1,96226,27,54.85,0,4376,43,1.673144472
경기도,경기안산상록구,4127100000,2018,2899,40.1,356311,30.8,60.1,0,4376,108,0.813615072
경기도,경기안산단원구,4127300000,2018,7393,39.8,304032,30.8,60.1,0,4376,91,2.431651931
경기도,경기고양덕양구,4128100000,2018,3760,41.6,450449,30.5,56.75,0,4376,123,0.834722688
경기도,경기고양일산동구,4128500000,2018,8003,40.7,296223,30.5,56.75,0,4376,78,2.701680828
경기도,경기고양일산서구,4128700000,2018,6853,40.2,297517,30.5,56.75,0,4376,63,2.303397789
경기도,경기과천시,4129000000,2018,67,41.5,58142,29,52.1,0,4376,23,0.115235114
경기도,경기구리시,4131000000,2018,3631,40.8,203553,26.5,58.9,0,4376,68,1.783810605
경기도,경기남양주시,4136000000,2018,5697,40.5,681828,31.2,54.3,0,4376,181,0.835547968
경기도,경기오산시,4137000000,2018,2779,37.1,220070,31,62.75,0,4376,112,1.262780025
경기도,경기시흥시,4139000000,2018,3766,38.6,448687,23.6,61.35,0,4376,144,0.83933789
경기도,경기군포시,4141000000,2018,3542,40.5,276916,32.6,58.05,0,4376,128,1.279088243
경기도,경기의왕시,4143000000,2018,843,41.5,153932,30.4,58.45,0,4376,81,0.547644414
경기도,경기하남시,4145000000,2018,1495,40.1,254415,29.1,60.4,0,4376,48,0.587622585
경기도,경기용인처인구,4146100000,2018,2290,41,249118,26.5,56.2,0,4376,40,0.91924309
경기도,경기용인기흥구,4146300000,2018,4460,38.7,427719,26.5,56.2,0,4376,152,1.042740678
경기도,경기용인수지구,4146500000,2018,3658,39,358289,26.5,56.2,0,4376,95,1.020963524
경기도,경기파주시,4148000000,2018,2934,40,451848,31.6,60.5,0,4376,162,0.649333404
경기도,경기이천시,4150000000,2018,4088,40.5,214206,28.5,65.35,0,4376,38,1.908443274
경기도,경기안성시,4155000000,2018,929,42.6,183579,27.9,64.75,0,4376,57,0.506049167
경기도,경기김포시,4157000000,2018,2392,39,423170,29.5,58.6,0,4376,191,0.565257462
경기도,경기화성시,4159000000,2018,3651,36.6,758722,26.4,64.45,0,4376,612,0.481203919
경기도,경기광주시,4161000000,2018,3419,40.5,363782,19.5,63,0,4376,56,0.939848591
경기도,경기양주시,4163000000,2018,828,41.6,216951,18.4,56.15,0,4376,101,0.381653
경기도,경기포천시,4165000000,2018,541,45,150676,31.1,64.1,0,4376,47,0.359048555
경기도,경기여주시,4167000000,2018,1783,45.3,111525,32.4,59.35,0,4376,23,1.598744676
경기도,경기연천군,4180000000,2018,377,47,44633,17.2,61.2,0,4376,18,0.844666502
경기도,경기가평군,4182000000,2018,501,48.1,62918,25.5,59.95,0,4376,15,0.796274516
경기도,경기양평군,4183000000,2018,764,47.5,116095,29.6,59.4,0,4376,37,0.658081743
강원도,강원춘천시,4211000000,2018,5074,42.8,280640,26.5,57.85,0,7147,277,1.808010262
강원도,강원원주시,4213000000,2018,8382,41.6,344070,30.4,59.95,0,7147,193,2.436132182
강원도,강원강릉시,4215000000,2018,4360,45.1,212957,25.7,58.2,0,7147,163,2.047361674
강원도,강원동해시,4217000000,2018,1337,44.1,91272,22.4,60.3,0,7147,11,1.46485231
강원도,강원태백시,4219000000,2018,240,46.6,44858,26.5,58.8,0,7147,45,0.535021624
강원도,강원속초시,4221000000,2018,1459,44.3,81682,19.3,60.2,0,7147,92,1.786195245
강원도,강원삼척시,4223000000,2018,1059,46.7,68326,28.7,56.5,0,7147,49,1.549922431
강원도,강원홍천군,4272000000,2018,1385,48.2,69949,29,63.95,0,7147,49,1.98001401
강원도,강원횡성군,4273000000,2018,101,50.1,46726,28.1,66.45,0,7147,64,0.216153747
강원도,강원영월군,4275000000,2018,258,50.1,39730,27.5,66.1,0,7147,42,0.649383338
강원도,강원평창군,4276000000,2018,161,49.7,42610,26.2,66.4,0,7147,50,0.377845576
강원도,강원정선군,4277000000,2018,19,49.6,37700,25.3,66.75,0,7147,65,0.050397878
강원도,강원철원군,4278000000,2018,17,44.7,46413,23.4,64.25,0,7147,45,0.036627669
강원도,강원화천군,4279000000,2018,33,44.5,25084,27.1,68.1,0,7147,32,0.131557965
강원도,강원양구군,4280000000,2018,30,43.3,23408,29.4,65.4,0,7147,10,0.128161312
강원도,강원인제군,4281000000,2018,23,44.4,32136,28.2,68.8,0,7147,32,0.071570824
강원도,강원고성군,4282000000,2018,0,49.4,28144,31.3,65.7,0,7147,59,0
강원도,강원양양군,4283000000,2018,25,50.4,27347,23.8,63.95,0,7147,18,0.091417706
충청북도,충북청주상당구,4311100000,2018,6365,41.9,176818,28.5,60.3,0,6051,93,3.599746632
충청북도,충북청주서원구,4311200000,2018,3901,40.8,209404,28.5,60.3,0,6051,90,1.862906153
충청북도,충북청주흥덕구,4311300000,2018,3233,39,254302,28.5,60.3,0,6051,155,1.271323073
충청북도,충북청주청원구,4311400000,2018,2943,38.7,197225,28.5,60.3,0,6051,105,1.492204335
충청북도,충북충주시,4313000000,2018,3117,44.4,210504,28.9,61.05,0,6051,119,1.480731958
충청북도,충북제천시,4315000000,2018,3390,45.3,135386,24.5,60.1,0,6051,68,2.503951664
충청북도,충북보은군,4372000000,2018,365,52.2,33680,24.7,65.15,0,6051,8,1.083729216
충청북도,충북옥천군,4373000000,2018,494,49.7,51465,19.7,63.5,0,6051,10,0.959875644
충청북도,충북영동군,4374000000,2018,759,50.2,49715,17.1,61.45,0,6051,6,1.526702203
충청북도,충북증평군,4374500000,2018,286,41.9,37317,27.1,63.85,0,6051,27,0.766406732
충청북도,충북진천군,4375000000,2018,1228,42.3,78218,26.7,69.65,0,6051,37,1.569971106
충청북도,충북괴산군,4376000000,2018,386,52.9,39133,20.5,64.8,0,6051,21,0.986379782
충청북도,충북음성군,4377000000,2018,628,45.5,95830,25.8,67.75,0,6051,43,0.655327142
충청북도,충북단양군,4380000000,2018,22,51,30255,26.4,65.15,0,6051,26,0.072715254
충청남도,충남천안동남구,4413100000,2018,6482,40.9,257978,28.6,63,0,5909,152,2.512617355
충청남도,충남천안서북구,4413300000,2018,6102,36.8,388097,28.6,63,0,5909,203,1.572287341
충청남도,충남공주시,4415000000,2018,2932,47.6,107581,25.6,65.45,0,5909,62,2.725388312
충청남도,충남보령시,4418000000,2018,1210,47.2,101990,26.4,64.25,0,5909,95,1.186390823
충청남도,충남아산시,4420000000,2018,4360,39.1,312822,25.5,62.25,0,5909,121,1.393763866
충청남도,충남서산시,4421000000,2018,1061,42.6,174162,26.1,65.6,0,5909,197,0.609202926
충청남도,충남논산시,4423000000,2018,4023,47.5,120230,26,64.35,0,5909,116,3.346086667
충청남도,충남계룡시,4425000000,2018,0,38.4,43731,24.8,54.85,0,5909,49,0
충청남도,충남당진시,4427000000,2018,2716,42.5,167770,28.7,69.95,0,5909,269,1.618882995
충청남도,충남금산군,4471000000,2018,1021,50.1,53222,29.9,64.8,0,5909,22,1.918379617
충청남도,충남부여군,4476000000,2018,968,51.7,68078,22.4,64.85,0,5909,29,1.421898411
충청남도,충남서천군,4477000000,2018,1300,52.6,53922,22,67.4,0,5909,35,2.410889804
충청남도,충남청양군,4479000000,2018,124,52.2,32296,24.2,74.65,0,5909,29,0.383948477
충청남도,충남홍성군,4480000000,2018,2464,45.4,101082,28.5,63.1,0,5909,149,2.437624899
충청남도,충남예산군,4481000000,2018,261,50.4,80083,28.2,66.3,0,5909,115,0.325911866
충청남도,충남태안군,4482500000,2018,467,50.1,63238,22.2,71.9,0,5909,22,0.738480028
전라북도,전북전주완산구,4511100000,2018,7221,41.3,345065,32.5,54.9,0,7554,141,2.092649211
전라북도,전북전주덕진구,4511300000,2018,6666,39.9,306026,32.5,54.9,0,7554,111,2.178246293
전라북도,전북군산시,4513000000,2018,3050,42.9,272645,27.6,53.1,0,7554,154,1.118670799
전라북도,전북익산시,4514000000,2018,3559,43.4,294062,29.1,54.1,0,7554,109,1.210288987
전라북도,전북정읍시,4518000000,2018,1047,47.8,112169,24,59.35,0,7554,15,0.933412975
전라북도,전북남원시,4519000000,2018,2121,47.9,82554,19.4,63.95,0,7554,16,2.569227415
전라북도,전북김제시,4521000000,2018,1442,50.2,85331,33.8,60.2,0,7554,1,1.689889958
전라북도,전북완주군,4571000000,2018,590,45,94444,20.2,60.1,0,7554,66,0.624708822
전라북도,전북진안군,4572000000,2018,133,52,25963,18.9,70.8,0,7554,6,0.512267458
전라북도,전북무주군,4573000000,2018,18,51.4,24589,27.9,71.1,0,7554,11,0.073203465
전라북도,전북장수군,4574000000,2018,64,50.9,23221,13.2,75.75,0,7554,6,0.275612592
전라북도,전북임실군,4575000000,2018,17,51.6,30072,19.2,67.85,0,7554,12,0.056530992
전라북도,전북순창군,4577000000,2018,266,50.8,29209,15.4,65.95,0,7554,2,0.910678216
전라북도,전북고창군,4579000000,2018,700,51.2,57041,27.8,66.45,0,7554,19,1.227187462
전라북도,전북부안군,4580000000,2018,895,50.9,54441,26.6,69.3,0,7554,36,1.643981558
전라남도,전남목포시,4611000000,2018,4919,41.4,232327,32.7,55.1,0,4306,100,2.117274359
전라남도,전남여수시,4613000000,2018,2890,43.4,283300,25,60.8,0,4306,161,1.020120014
전라남도,전남순천시,4615000000,2018,3076,41.4,279389,25.3,59.85,0,4306,164,1.100973911
전라남도,전남나주시,4617000000,2018,1045,45,113839,24,65.3,0,4306,99,0.917963088
전라남도,전남광양시,4623000000,2018,772,40.1,156564,23,63.45,0,4306,159,0.493089088
전라남도,전남담양군,4671000000,2018,243,50.5,46917,27.6,65.7,0,4306,126,0.517935929
전라남도,전남곡성군,4672000000,2018,53,52.5,29624,30.7,65.6,0,4306,17,0.178908993
전라남도,전남구례군,4673000000,2018,59,51.4,27117,20.3,69.25,0,4306,3,0.217575691
전라남도,전남고흥군,4677000000,2018,1870,54.9,65777,20.6,73.8,0,4306,25,2.842939021
전라남도,전남보성군,4678000000,2018,276,53.3,42803,20.6,66.45,0,4306,18,0.644814616
전라남도,전남화순군,4679000000,2018,685,47.5,63933,23.6,61.75,0,4306,10,1.071434158
전라남도,전남장흥군,4680000000,2018,163,51.3,39312,22.1,67.65,0,4306,12,0.414631665
전라남도,전남강진군,4681000000,2018,377,51.4,36144,30,68.65,0,4306,11,1.043050022
전라남도,전남해남군,4682000000,2018,1491,50.1,71901,15,72.7,0,4306,57,2.07368465
전라남도,전남영암군,4683000000,2018,126,47.4,54731,24.2,63.15,0,4306,10,0.230216879
전라남도,전남무안군,4684000000,2018,731,43.8,81991,26.4,60.75,0,4306,27,0.891561269
전라남도,전남함평군,4686000000,2018,64,52.7,33420,18.8,68.15,0,4306,14,0.191502095
전라남도,전남영광군,4687000000,2018,597,48.5,54127,32.4,68.25,0,4306,5,1.102961553
전라남도,전남장성군,4688000000,2018,276,48.9,45795,19,64.65,0,4306,29,0.602685883
전라남도,전남완도군,4689000000,2018,40,50.2,51477,19.8,69.45,0,4306,11,0.077704606
전라남도,전남진도군,4690000000,2018,49,51.2,31219,21.4,68.8,0,4306,10,0.1569557
전라남도,전남신안군,4691000000,2018,18,53.2,41263,33.6,79.35,0,4306,10,0.043622616
경상북도,경북포항남구,4711100000,2018,2662,42.8,239400,23.7,60.8,0,4121,82,1.111946533
경상북도,경북포항북구,4711300000,2018,4876,42.8,270613,23.7,60.8,0,4121,85,1.801835093
경상북도,경북경주시,4713000000,2018,4554,45.8,256864,28.1,61.6,0,4121,61,1.772922636
경상북도,경북김천시,4715000000,2018,3133,45.6,141104,26.2,58.6,0,4121,35,2.220348112
경상북도,경북안동시,4717000000,2018,2648,46.3,162180,29.2,60.4,0,4121,106,1.63275373
경상북도,경북구미시,4719000000,2018,5616,37.7,421494,25.8,62.95,0,4121,181,1.332403308
경상북도,경북영주시,4721000000,2018,1414,47.7,106801,26.2,57.5,0,4121,69,1.323957641
경상북도,경북영천시,4723000000,2018,1531,49,101595,27.7,66.85,0,4121,25,1.506963925
경상북도,경북상주시,4725000000,2018,821,50.2,100297,14.3,63.5,0,4121,52,0.818568851
경상북도,경북문경시,4728000000,2018,2414,49.7,71874,23.3,58.9,0,4121,31,3.358655425
경상북도,경북경산시,4729000000,2018,3170,42.2,261093,28.5,57.7,0,4121,119,1.214126767
경상북도,경북군위군,4772000000,2018,66,55.8,23919,17.2,72.45,0,4121,7,0.275931268
경상북도,경북의성군,4773000000,2018,183,56,52944,20.5,71.2,0,4121,13,0.345648232
경상북도,경북청송군,4775000000,2018,98,54.1,25678,24.6,73.15,0,4121,2,0.381649661
경상북도,경북영양군,4776000000,2018,0,53.8,17356,18.7,70.4,0,4121,4,0
경상북도,경북영덕군,4777000000,2018,210,53.3,38108,12.8,62,0,4121,24,0.551065393
경상북도,경북청도군,4782000000,2018,374,54.3,43057,16.2,70.3,0,4121,9,0.868616021
경상북도,경북고령군,4783000000,2018,12,50.6,32969,24.9,65.05,0,4121,4,0.036397828
경상북도,경북성주군,4784000000,2018,70,51.6,44672,10,70.55,0,4121,17,0.156697708
경상북도,경북칠곡군,4785000000,2018,500,41.2,118828,23.3,62.75,0,4121,50,0.420776248
경상북도,경북예천군,4790000000,2018,134,49.4,53274,20.1,66.95,0,4121,44,0.251529827
경상북도,경북봉화군,4792000000,2018,128,53.4,32843,21.7,72.1,0,4121,6,0.389732972
경상북도,경북울진군,4793000000,2018,159,48.7,50036,21.7,61.9,0,4121,18,0.317771205
경상북도,경북울릉군,4794000000,2018,0,49.4,9832,18.5,84.1,0,4121,16,0
경상남도,경남창원의창구,4812100000,2018,1669,41,252896,26.3,59.4,0,2758,124,0.65995508
경상남도,경남창원성산구,4812300000,2018,3680,38.6,227337,26.3,59.4,0,2758,93,1.61874222
경상남도,경남창원마산합포구,4812500000,2018,3260,44.8,180535,26.3,59.4,0,2758,72,1.805744039
경상남도,경남창원마산회원구,4812700000,2018,3314,42.7,199457,26.3,59.4,0,2758,63,1.661511002
경상남도,경남창원진해구,4812900000,2018,1312,39.8,193376,26.3,59.4,0,2758,90,0.678470958
경상남도,경남진주시,4817000000,2018,6433,42,345987,25.1,57.05,0,2758,130,1.859318414
경상남도,경남통영시,4822000000,2018,1486,43.6,133720,27.2,54.05,0,2758,42,1.111277296
경상남도,경남사천시,4824000000,2018,720,44.7,113888,15.8,63.75,0,2758,13,0.632200056
경상남도,경남김해시,4825000000,2018,5330,39.2,533672,28.9,60.15,0,2758,230,0.9987408
경상남도,경남밀양시,4827000000,2018,636,49.1,106744,26.8,58.75,0,2758,33,0.595818032
경상남도,경남거제시,4831000000,2018,2135,38.2,250516,20.3,58.85,0,2758,67,0.852240975
경상남도,경남양산시,4833000000,2018,4084,40.1,348639,22.8,57.85,0,2758,148,1.171412263
경상남도,경남의령군,4872000000,2018,73,53.6,27667,26.2,67.95,0,2758,30,0.263852243
경상남도,경남함안군,4873000000,2018,277,46.5,67025,26.1,61.7,0,2758,31,0.413278627
경상남도,경남창녕군,4874000000,2018,509,50.3,63396,17.2,64.65,0,2758,14,0.802889772
경상남도,경남고성군,4882000000,2018,207,50.1,53243,15.7,65.05,0,2758,15,0.388783502
경상남도,경남남해군,4884000000,2018,141,54.2,43990,20.3,67.35,0,2758,2,0.320527393
경상남도,경남하동군,4885000000,2018,281,52,47533,20.1,71.1,0,2758,4,0.591168241
경상남도,경남산청군,4886000000,2018,50,53.3,35952,17.9,70.4,0,2758,13,0.139074321
경상남도,경남함양군,4887000000,2018,219,51.5,40044,18.9,63.95,0,2758,6,0.546898412
경상남도,경남거창군,4888000000,2018,926,48,62455,25.9,63.55,0,2758,16,1.482667521
경상남도,경남합천군,4889000000,2018,193,54.8,45916,28.1,66.6,0,2758,18,0.420332782
제주특별자치도,제주제주시,5011000000,2018,10000,40.4,485946,27.3,66.2,0,5985,197,2.057841818
제주특별자치도,제주서귀포시,5013000000,2018,1987,43.8,181245,27.3,70.85,0,5985,59,1.096306105
서울특별시,서울종로구,1111000000,2019,13895,44.7,151290,27.7,60,0,5309,43,9.184347941
서울특별시,서울중구,1114000000,2019,5044,45,126171,22.8,60,0,5309,47,3.997749087
서울특별시,서울용산구,1117000000,2019,2682,44,228670,16.3,60,0,5309,52,1.1728692
서울특별시,서울성동구,1120000000,2019,4062,42.5,300889,32.6,60,0,5309,50,1.349999501
서울특별시,서울광진구,1121500000,2019,7759,41.9,351350,27.3,60,0,5309,48,2.208339263
서울특별시,서울동대문구,1123000000,2019,8093,43.7,346194,32.5,60,0,5309,50,2.337706604
서울특별시,서울중랑구,1126000000,2019,6625,44.2,397015,26.8,60,0,5309,61,1.668702694
서울특별시,서울성북구,1129000000,2019,6355,42.9,442650,30,60,0,5309,52,1.435671524
서울특별시,서울강북구,1130500000,2019,3386,45.4,313954,27,60,0,5309,57,1.078501946
서울특별시,서울도봉구,1132000000,2019,3084,44.6,333362,29,60,0,5309,72,0.92512044
서울특별시,서울노원구,1135000000,2019,8713,42.6,532905,21.1,60,0,5309,181,1.63500061
서울특별시,서울은평구,1138000000,2019,7136,43.7,480032,28.3,60,0,5309,111,1.486567562
서울특별시,서울서대문구,1141000000,2019,8040,43.4,309397,28.5,60,0,5309,57,2.598603089
서울특별시,서울마포구,1144000000,2019,12929,41.6,374035,30.8,60,0,5309,87,3.45662839
서울특별시,서울양천구,1147000000,2019,5099,41.6,458165,28.5,60,0,5309,97,1.112917835
서울특별시,서울강서구,1150000000,2019,7714,42,591796,29.9,60,0,5309,150,1.303489716
서울특별시,서울구로구,1153000000,2019,9225,43,406664,26,60,0,5309,60,2.268457498
서울특별시,서울금천구,1154500000,2019,4392,43.9,232810,25.4,60,0,5309,54,1.886516902
서울특별시,서울영등포구,1156000000,2019,7037,42.8,367678,28.5,60,0,5309,54,1.913902926
서울특별시,서울동작구,1159000000,2019,9438,42.6,395963,23.1,60,0,5309,56,2.383556039
서울특별시,서울관악구,1162000000,2019,8661,42.2,500094,27.7,60,0,5309,79,1.731874408
서울특별시,서울서초구,1165000000,2019,17279,40.8,430826,28.3,60,0,5309,140,4.01066788
서울특별시,서울강남구,1168000000,2019,22900,40.9,545169,30,60,0,5309,134,4.200532312
서울특별시,서울송파구,1171000000,2019,14372,41.2,675961,23.5,60,0,5309,145,2.126158166
서울특별시,서울강동구,1174000000,2019,13047,42.5,436067,23.1,60,0,5309,76,2.991971417
부산광역시,부산진구,2611000000,2019,11645,49.7,357880,23.7,56.6,0,4495,27,3.253883983
부산광역시,부산수영구,2614000000,2019,8775,47.9,176148,20.3,56.6,0,4495,21,4.981606376
부산광역시,부산동구,2617000000,2019,5125,48.9,88165,23.3,56.6,0,4495,7,5.812964328
부산광역시,부산중구,2620000000,2019,2281,49.2,41910,20.7,56.6,0,4495,5,5.442615128
부산광역시,부산북구,2623000000,2019,3972,44.9,291132,28.1,56.6,0,4495,77,1.364329582
부산광역시,부산동래구,2626000000,2019,6219,43.8,271247,22.1,56.6,0,4495,45,2.292744252
부산광역시,부산남구,2629000000,2019,3271,44.4,274480,25.2,56.6,0,4495,36,1.191707957
부산광역시,부산사상구,2632000000,2019,3312,43.8,218094,18.3,56.6,0,4495,34,1.518611241
부산광역시,부산해운대구,2635000000,2019,7122,43.5,406102,28.3,56.6,0,4495,75,1.753746596
부산광역시,부산서구,2638000000,2019,2559,44.4,108229,26,56.6,0,4495,6,2.364430975
부산광역시,부산금정구,2641000000,2019,3155,45.5,239062,21,56.6,0,4495,40,1.319741322
부산광역시,부산강서구,2644000000,2019,460,38.6,129566 ,21.5,56.6,0,4495,88,0.355031413
부산광역시,부산영도구,2647000000,2019,2120,44.3,116711,24.7,56.6,0,4495,16,1.816452605
부산광역시,부산연제구,2650000000,2019,4122,45.6,209395,22,56.6,0,4495,28,1.968528379
부산광역시,부산사하구,2653000000,2019,4650,44.8,321004,21.5,56.6,0,4495,60,1.44858008
부산광역시,부산기장군,2671000000,2019,2616,41.2,164716,20.1,56.6,0,4495,132,1.588188154
대구광역시,대구중구,2711000000,2019,4554,44.7,77421,26.4,57.9,0,3939,23,5.882125005
대구광역시,대구동구,2714000000,2019,6297,44.4,345469,30.7,57.9,0,3939,115,1.822739522
대구광역시,대구서구,2717000000,2019,2830,47.4,175277,22.1,57.9,0,3939,21,1.614587196
대구광역시,대구남구,2720000000,2019,3314,47.2,148113,21.6,57.9,0,3939,23,2.237480842
대구광역시,대구북구,2723000000,2019,5858,41.7,437710,26.8,57.9,0,3939,102,1.338329031
대구광역시,대구수성구,2726000000,2019,10580,42.1,428614,21.2,57.9,0,3939,90,2.46842147
대구광역시,대구달서구,2729000000,2019,12551,41.9,568887,24.6,57.9,0,3939,186,2.206237794
대구광역시,대구달성군,2771000000,2019,1556,39.8,256540,24.3,57.9,0,3939,102,0.606533094
인천광역시,인천중구,2811000000,2019,4534,41.3,135135,27,62.5,0,3371,129,3.355163355
인천광역시,인천동구,2814000000,2019,721,46.2,64427,24.5,62.5,0,3371,14,1.119096031
인천광역시,인천미추홀구,2817700000,2019,5925,43.4,408862,32.4,62.5,0,3371,35,1.44914421
인천광역시,인천연수구,2818500000,2019,4207,39,366550,29,62.5,0,3371,112,1.147728823
인천광역시,인천남동구,2820000000,2019,8712,41.2,532704,30.7,62.5,0,3371,160,1.635429807
인천광역시,인천부평구,2823700000,2019,11768,42.4,511577,31.3,62.5,0,3371,94,2.300337975
인천광역시,인천계양구,2824500000,2019,4859,42,303471,25.6,62.5,0,3371,67,1.60114146
인천광역시,인천서구,2826000000,2019,8477,39.5,544556,30.4,62.5,0,3371,140,1.556681039
인천광역시,인천강화군,2871000000,2019,285,52.3,69178,27.6,62.5,0,3371,4,0.411980688
인천광역시,인천옹진군,2872000000,2019,0,49.1,20566,26,62.5,0,3371,0,0
광주광역시,광주동구,2911000000,2019,3707,45.5,98585,30.6,59.3,0,7787,83,3.760206928
광주광역시,광주서구,2914000000,2019,4423,41.1,300975,28.2,59.3,0,7787,169,1.469557272
광주광역시,광주남구,2915500000,2019,3211,42.4,218060,29.5,59.3,0,7787,53,1.472530496
광주광역시,광주북구,2917000000,2019,7073,41.6,433533,25.6,59.3,0,7787,216,1.631479034
광주광역시,광주광산구,2920000000,2019,6134,37.6,405315,30.4,59.3,0,7787,371,1.513390819
대전광역시,대전동구,3011000000,2019,3251,44,226771,22.6,59.8,0,7249,53,1.433604826
대전광역시,대전중구,3014000000,2019,7983,44.1,240473,22.7,59.8,0,7249,53,3.31970741
대전광역시,대전서구,3017000000,2019,11690,40.3,481222,23.6,59.8,0,7249,115,2.429232246
대전광역시,대전유성구,3020000000,2019,3926,38.1,349373,28.4,59.8,0,7249,162,1.123727363
대전광역시,대전대덕구,3023000000,2019,2916,43.1,177031,28.4,59.8,0,7249,84,1.64716914
울산광역시,울산중구,3111000000,2019,3061,42.5,223581,29.4,59.1,0,4193,117,1.369078768
울산광역시,울산남구,3114000000,2019,9043,41.2,323819,23.5,59.1,0,4193,119,2.792609452
울산광역시,울산동구,3117000000,2019,692,40.5,159656,25.5,59.1,0,4193,68,0.433431879
울산광역시,울산북구,3120000000,2019,465,37.6,217796,20.5,59.1,0,4193,59,0.213502544
울산광역시,울산울주군,3171000000,2019,999,42.2,223167,21.1,59.1,0,4193,109,0.44764683
세종특별자치시,세종시,3611000000,2019,5395,36.9,340575,29.2,62.5,0,2909,74,1.584085737
경기도,경기수원장안구,4111100000,2019,3896,41.1,278377,29.1,60.3,0,5312,58,1.39954091
경기도,경기수원권선구,4111300000,2019,2478,39.8,371754,29.1,60.3,0,5312,145,0.666569828
경기도,경기수원팔달구,4111500000,2019,9329,42.9,175866,29.1,60.3,0,5312,43,5.304606917
경기도,경기수원영통구,4111700000,2019,4910,36.5,368468,29.1,60.3,0,5312,89,1.332544481
경기도,경기성남수정구,4113100000,2019,3964,43.3,234678,26.5,58.85,0,5312,26,1.689122968
경기도,경기성남중원구,4113300000,2019,2886,43.3,220041,26.5,58.85,0,5312,42,1.311573752
경기도,경기성남분당구,4113500000,2019,19919,40.2,488005,26.5,58.85,0,5312,135,4.081720474
경기도,경기의정부시,4115000000,2019,10245,42.3,451868,28.9,56.6,0,5312,114,2.267255039
경기도,경기안양만안구,4117100000,2019,3795,43.2,244235,27.7,58.75,0,5312,55,1.553831351
경기도,경기안양동안구,4117300000,2019,8629,40.5,322809,27.7,58.75,0,5312,85,2.673097714
경기도,경기부천시,4119000000,2019,14529,42,829996,33,60.2,0,5312,199,1.750490364
경기도,경기광명시,4121000000,2019,4158,41.5,316552,26.2,58.6,0,5312,89,1.313528267
경기도,경기평택시,4122000000,2019,6231,40.4,513027,27.5,61.8,0,5312,539,1.214555959
경기도,경기동두천시,4125000000,2019,2025,44.9,94768,19,53.75,0,5312,44,2.136797231
경기도,경기안산상록구,4127100000,2019,2950,40.9,344613,30.1,60.45,0,5312,108,0.856032709
경기도,경기안산단원구,4127300000,2019,8083,40.4,306305,30.1,60.45,0,5312,91,2.638873019
경기도,경기고양덕양구,4128100000,2019,3650,42.1,466157,31.1,57.3,0,5312,123,0.782998003
경기도,경기고양일산동구,4128500000,2019,8613,41.4,297671,31.1,57.3,0,5312,78,2.893462917
경기도,경기고양일산서구,4128700000,2019,7042,40.8,302523,31.1,57.3,0,5312,63,2.327756898
경기도,경기과천시,4129000000,2019,77,41.9,58289,27.9,53.1,0,5312,23,0.132100396
경기도,경기구리시,4131000000,2019,3870,41.6,199265,24.8,58.35,0,5312,68,1.942137355
경기도,경기남양주시,4136000000,2019,6523,40.9,701830,27,55.1,0,5312,183,0.929427354
경기도,경기오산시,4137000000,2019,3150,37.8,226379,25.2,62.3,0,5312,114,1.391471824
경기도,경기시흥시,4139000000,2019,4674,38.9,473682,31.7,63.65,0,5312,144,0.986737938
경기도,경기군포시,4141000000,2019,4574,41.2,275852,25.9,59.35,0,5312,129,1.658135522
경기도,경기의왕시,4143000000,2019,826,41.9,161153,25.9,57.65,0,5312,81,0.512556391
경기도,경기하남시,4145000000,2019,2532,40.3,272455,22.8,60.95,0,5312,49,0.929327779
경기도,경기용인처인구,4146100000,2019,2313,41.6,253896,25.6,56.7,0,5312,40,0.91100293
경기도,경기용인기흥구,4146300000,2019,5231,39.4,436679,25.6,56.7,0,5312,152,1.197905097
경기도,경기용인수지구,4146500000,2019,3861,39.4,369034,25.6,56.7,0,5312,95,1.046245061
경기도,경기파주시,4148000000,2019,3799,40.6,454040,25.8,60.45,0,5312,162,0.836710422
경기도,경기이천시,4150000000,2019,4218,41,215834,33.2,65.55,0,5312,38,1.954279678
경기도,경기안성시,4155000000,2019,1079,43.3,183405,30.6,64.8,0,5312,57,0.588315477
경기도,경기김포시,4157000000,2019,2586,39.5,437221,26.6,60.6,0,5312,191,0.591462899
경기도,경기화성시,4159000000,2019,6027,36.9,815396,24.6,65.95,0,5312,617,0.739150057
경기도,경기광주시,4161000000,2019,3525,41.1,372654,22,60.9,0,5312,57,0.945917661
경기도,경기양주시,4163000000,2019,1267,42.1,222314,28.9,57.45,0,5312,104,0.569914625
경기도,경기포천시,4165000000,2019,797,45.9,148379,24,63,0,5312,47,0.537138005
경기도,경기여주시,4167000000,2019,1960,46.1,111083,24,59.45,0,5312,24,1.764446405
경기도,경기연천군,4180000000,2019,405,47.8,43824,17.6,62.35,0,5312,18,0.92415115
경기도,경기가평군,4182000000,2019,508,48.8,62415,24.4,61.45,0,5312,17,0.813906913
경기도,경기양평군,4183000000,2019,795,48.2,116874,23.2,61.05,0,5312,42,0.680219724
강원도,강원춘천시,4211000000,2019,5389,43.3,281291,28.1,59.15,0,8050,283,1.915809606
강원도,강원원주시,4213000000,2019,8999,42.1,349215,27.7,59.65,0,8050,193,2.576922526
강원도,강원강릉시,4215000000,2019,4853,45.6,213442,22.6,59.8,0,8050,173,2.273685591
강원도,강원동해시,4217000000,2019,1263,44.9,90522,24.2,58.85,0,8050,11,1.395240936
강원도,강원태백시,4219000000,2019,255,47.5,43866,25.5,60.9,0,8050,45,0.581315825
강원도,강원속초시,4221000000,2019,1507,44.9,81786,16.2,62.2,0,8050,92,1.84261365
강원도,강원삼척시,4223000000,2019,1225,47.4,67228,24,57.1,0,8050,49,1.822157434
강원도,강원홍천군,4272000000,2019,1409,49.1,69150,25.9,65.85,0,8050,49,2.037599422
강원도,강원횡성군,4273000000,2019,136,50.9,46575,21.2,67.6,0,8050,65,0.292002147
강원도,강원영월군,4275000000,2019,216,51,39127,24.2,67.25,0,8050,38,0.552048458
강원도,강원평창군,4276000000,2019,149,50.6,42106,22.3,67.7,0,8050,50,0.353868807
강원도,강원정선군,4277000000,2019,10,50.4,37271,18.6,69.35,0,8050,69,0.026830512
강원도,강원철원군,4278000000,2019,26,45.4,45584,23.9,66.6,0,8050,48,0.057037557
강원도,강원화천군,4279000000,2019,0,45.1,24917,24.1,68.7,0,8050,32,0
강원도,강원양구군,4280000000,2019,10,44.2,22764,26.6,67.5,0,8050,10,0.043929011
강원도,강원인제군,4281000000,2019,46,45,31672,22,71.95,0,8050,32,0.145238697
강원도,강원고성군,4282000000,2019,0,50.4,27260,17.4,66.7,0,8050,59,0
강원도,강원양양군,4283000000,2019,77,50.9,27726,18.8,65.75,0,8050,18,0.277717666
충청북도,충북청주상당구,4311100000,2019,6647,42.4,178352,26.8,60.35,0,7021,94,3.726899614
충청북도,충북청주서원구,4311200000,2019,4103,41.7,203209,26.8,60.35,0,7021,90,2.019103485
충청북도,충북청주흥덕구,4311300000,2019,4217,39.4,262137,26.8,60.35,0,7021,155,1.608700794
충청북도,충북청주청원구,4311400000,2019,3027,39.3,195868,26.8,60.35,0,7021,106,1.545428554
충청북도,충북충주시,4313000000,2019,3573,45,210737,27.1,61.15,0,7021,123,1.69547825
충청북도,충북제천시,4315000000,2019,3620,46,134617,27.7,60.5,0,7021,69,2.689110588
충청북도,충북보은군,4372000000,2019,362,53.2,32949,33.9,66.65,0,7021,8,1.098667638
충청북도,충북옥천군,4373000000,2019,461,50.3,51023,23.6,65.5,0,7021,10,0.903514101
충청북도,충북영동군,4374000000,2019,828,50.9,48738,15.1,61.35,0,7021,6,1.698879724
충청북도,충북증평군,4374500000,2019,329,42.5,37392,29.1,64,0,7021,29,0.879867351
충청북도,충북진천군,4375000000,2019,1067,42.5,81084,24.5,69.8,0,7021,37,1.315919294
충청북도,충북괴산군,4376000000,2019,440,53.4,39163,16.8,66.75,0,7021,24,1.123509435
충청북도,충북음성군,4377000000,2019,813,46.2,94982,27.3,68.75,0,7021,43,0.855951654
충청북도,충북단양군,4380000000,2019,38,51.9,29756,19.3,66.15,0,7021,26,0.127705337
충청남도,충남천안동남구,4413100000,2019,5130,41.4,259411,33.2,64.85,0,7413,153,1.97755685
충청남도,충남천안서북구,4413300000,2019,6574,37.3,392847,33.2,64.85,0,7413,203,1.673425023
충청남도,충남공주시,4415000000,2019,2978,48.3,106474,28.7,64.9,0,7413,62,2.796926949
충청남도,충남보령시,4418000000,2019,1233,47.9,101114,25.1,65.15,0,7413,95,1.219415709
충청남도,충남아산시,4420000000,2019,4361,39.7,314395,25.9,62.8,0,7413,123,1.387108574
충청남도,충남서산시,4421000000,2019,1263,43.2,174690,32.8,67.2,0,7413,197,0.72299502
충청남도,충남논산시,4423000000,2019,3756,48.1,118842,27.8,64.65,0,7413,116,3.160498814
충청남도,충남계룡시,4425000000,2019,0,39.2,42971,23.9,56.1,0,7413,49,0
충청남도,충남당진시,4427000000,2019,3088,43.1,167042,25.9,69.95,0,7413,291,1.84863687
충청남도,충남금산군,4471000000,2019,1113,50.8,52257,25.8,64.3,0,7413,22,2.129858201
충청남도,충남부여군,4476000000,2019,1209,52.5,66740,22.6,66.45,0,7413,29,1.811507342
충청남도,충남서천군,4477000000,2019,1180,53.3,52805,31.4,68.65,0,7413,43,2.234636872
충청남도,충남청양군,4479000000,2019,263,53.1,31717,20.8,76.6,0,7413,29,0.829208311
충청남도,충남홍성군,4480000000,2019,2476,46,100423,36.4,63.4,0,7413,152,2.465570636
충청남도,충남예산군,4481000000,2019,507,51.1,79238,33.7,65.05,0,7413,115,0.639844519
충청남도,충남태안군,4482500000,2019,521,50.8,62743,27.2,72.65,0,7413,22,0.830371516
전라북도,전북전주완산구,4511100000,2019,7937,42,338839,27,58.1,0,8865,141,2.342410407
전라북도,전북전주덕진구,4511300000,2019,6319,40.3,315555,27,58.1,0,8865,113,2.002503526
전라북도,전북군산시,4513000000,2019,2846,43.6,270131,28.4,55,0,8865,155,1.053562901
전라북도,전북익산시,4514000000,2019,3896,44.2,287771,25.6,55.1,0,8865,109,1.35385428
전라북도,전북정읍시,4518000000,2019,1115,48.5,110541,26.1,59.65,0,8865,15,1.008675514
전라북도,전북남원시,4519000000,2019,2102,48.6,81441,20,65.5,0,8865,17,2.581009565
전라북도,전북김제시,4521000000,2019,1349,50.9,83895,20.9,61.45,0,8865,1,1.607962334
전라북도,전북완주군,4571000000,2019,612,45.9,92220,25.4,61.95,0,8865,67,0.663630449
전라북도,전북진안군,4572000000,2019,149,52.7,25697,17.6,70.95,0,8865,6,0.579834222
전라북도,전북무주군,4573000000,2019,12,52.1,24303,22.3,73.35,0,8865,11,0.04937662
전라북도,전북장수군,4574000000,2019,39,51.9,22441,18.6,76.2,0,8865,6,0.173789047
전라북도,전북임실군,4575000000,2019,11,52.7,28902,24.3,68.8,0,8865,12,0.03805965
전라북도,전북순창군,4577000000,2019,283,51.6,28382,17.3,68.65,0,8865,2,0.997110845
전라북도,전북고창군,4579000000,2019,725,52.1,55504,29,66.4,0,8865,15,1.306212165
전라북도,전북부안군,4580000000,2019,852,51.7,53295,25.4,69.6,0,8865,35,1.598649029
전라남도,전남목포시,4611000000,2019,5074,42,229861,25.5,57.45,0,5118,100,2.207421007
전라남도,전남여수시,4613000000,2019,2788,44,282786,26.7,62.7,0,5118,162,0.985904536
전라남도,전남순천시,4615000000,2019,3176,42,279598,22.6,61.35,0,5118,164,1.135916566
전라남도,전남나주시,4617000000,2019,915,45.3,114664,27.7,66.9,0,5118,99,0.797983674
전라남도,전남광양시,4623000000,2019,985,40.8,156750,23.3,64.65,0,5118,159,0.628389155
전라남도,전남담양군,4671000000,2019,323,50.8,46535,21.9,66.4,0,5118,133,0.694101214
전라남도,전남곡성군,4672000000,2019,88,53.4,28887,27.3,68.8,0,5118,17,0.304635303
전라남도,전남구례군,4673000000,2019,50,52.3,26563,19.3,66.8,0,5118,3,0.188231751
전라남도,전남고흥군,4677000000,2019,1808,55.6,64913,20.8,74.85,0,5118,25,2.785266434
전라남도,전남보성군,4678000000,2019,293,54.3,41420,18.6,69,0,5118,18,0.707387735
전라남도,전남화순군,4679000000,2019,536,48.3,62737,27.7,63.55,0,5118,10,0.854360266
전라남도,전남장흥군,4680000000,2019,192,52,38563,17.7,69.85,0,5118,12,0.497886575
전라남도,전남강진군,4681000000,2019,202,52.2,35286,24.4,69.8,0,5118,11,0.572465
전라남도,전남해남군,4682000000,2019,1568,50.9,70354,23.4,74.5,0,5118,61,2.228728999
전라남도,전남영암군,4683000000,2019,146,48,54593,30.9,64.6,0,5118,9,0.267433554
전라남도,전남무안군,4684000000,2019,636,44.3,81105,21,62.95,0,5118,26,0.78416867
전라남도,전남함평군,4686000000,2019,64,53.6,32861,22,68.7,0,5118,14,0.194759746
전라남도,전남영광군,4687000000,2019,692,48.8,53852,29.5,67.45,0,5118,5,1.285003342
전라남도,전남장성군,4688000000,2019,247,49.4,45739,25.1,67.65,0,5118,29,0.540020551
전라남도,전남완도군,4689000000,2019,41,50.9,50689,17.5,68.35,0,5118,11,0.080885399
전라남도,전남진도군,4690000000,2019,49,51.7,30715,26.6,70.2,0,5118,10,0.159531174
전라남도,전남신안군,4691000000,2019,28,54,40274,11.8,77.35,0,5118,10,0.069523762
경상북도,경북포항남구,4711100000,2019,3040,43.5,235633,25.4,61.5,0,5406,83,1.290141873
경상북도,경북포항북구,4711300000,2019,4983,43.4,271392,25.4,61.5,0,5406,89,1.836089494
경상북도,경북경주시,4713000000,2019,4586,46.5,255402,25.3,62.1,0,5406,61,1.795600661
경상북도,경북김천시,4715000000,2019,3445,46.1,141229,24.1,59.45,0,5406,35,2.43930071
경상북도,경북안동시,4717000000,2019,2688,47,160052,25.3,61.3,0,5406,106,1.679454177
경상북도,경북구미시,4719000000,2019,6244,38.4,419742,25.4,61.35,0,5406,180,1.487580466
경상북도,경북영주시,4721000000,2019,1436,48.5,105067,21.8,58.15,0,5406,70,1.366746933
경상북도,경북영천시,4723000000,2019,1546,49.4,102470,25.1,68.15,0,5406,27,1.508734264
경상북도,경북상주시,4725000000,2019,875,50.7,100688,14.1,65.65,0,5406,53,0.869021135
경상북도,경북문경시,4728000000,2019,2508,50.1,72242,22.6,61.25,0,5406,32,3.471664683
경상북도,경북경산시,4729000000,2019,3462,42.8,263185,24.7,57.9,0,5406,120,1.315424511
경상북도,경북군위군,4772000000,2019,68,56.5,23843,23.6,71.65,0,5406,7,0.28519901
경상북도,경북의성군,4773000000,2019,200,56.5,52595,24.9,71.9,0,5406,13,0.380264284
경상북도,경북청송군,4775000000,2019,146,54.8,25416,24.6,75.05,0,5406,2,0.574441297
경상북도,경북영양군,4776000000,2019,0,54.4,16993,27.6,71.5,0,5406,4,0
경상북도,경북영덕군,4777000000,2019,211,54,37361,19.1,63.6,0,5406,25,0.564760044
경상북도,경북청도군,4782000000,2019,317,54.9,42910,23.8,70.2,0,5406,9,0.738755535
경상북도,경북고령군,4783000000,2019,0,51.5,32373,24.9,64.7,0,5406,4,0
경상북도,경북성주군,4784000000,2019,101,52.4,44015,14,69.8,0,5406,17,0.229467227
경상북도,경북칠곡군,4785000000,2019,510,42.2,117047,26.5,62.65,0,5406,51,0.435722402
경상북도,경북예천군,4790000000,2019,191,49.2,55100,19.6,69.55,0,5406,49,0.346642468
경상북도,경북봉화군,4792000000,2019,113,54.2,32150,24.6,71.6,0,5406,6,0.351477449
경상북도,경북울진군,4793000000,2019,213,49.3,49314,24.6,62.1,0,5406,19,0.431926025
경상북도,경북울릉군,4794000000,2019,0,50,9617,18.1,84.6,0,5406,16,0
경상남도,경남창원의창구,4812100000,2019,1879,41.5,258582,25.4,60.15,0,3135,129,0.726655374
경상남도,경남창원성산구,4812300000,2019,4125,39.3,220945,25.4,60.15,0,3135,93,1.86698047
경상남도,경남창원마산합포구,4812500000,2019,3258,45.5,177784,25.4,60.15,0,3135,72,1.83256086
경상남도,경남창원마산회원구,4812700000,2019,2843,43.6,193807,25.4,60.15,0,3135,66,1.466923279
경상남도,경남창원진해구,4812900000,2019,1297,40.5,193622,25.4,60.15,0,3135,91,0.669861896
경상남도,경남진주시,4817000000,2019,6972,42.5,347334,25.2,57.85,0,3135,130,2.007289813
경상남도,경남통영시,4822000000,2019,1468,44.5,131404,32.3,56.85,0,3135,43,1.117165383
경상남도,경남사천시,4824000000,2019,708,45.5,111925,10,63.7,0,3135,22,0.632566451
경상남도,경남김해시,4825000000,2019,4933,39.8,542455,27.1,59.25,0,3135,231,0.909384189
경상남도,경남밀양시,4827000000,2019,552,49.8,105552,17.4,60.75,0,3135,33,0.522964984
경상남도,경남거제시,4831000000,2019,3074,39,248276,20.7,61.5,0,3135,67,1.238138201
경상남도,경남양산시,4833000000,2019,4176,40.7,350759,22.1,59,0,3135,149,1.19056104
경상남도,경남의령군,4872000000,2019,105,54.3,27168,22.6,67.85,0,3135,30,0.386484099
경상남도,경남함안군,4873000000,2019,261,47.3,65700,22.9,59.9,0,3135,31,0.397260274
경상남도,경남창녕군,4874000000,2019,445,51,62331,18.2,66.1,0,3135,15,0.713930468
경상남도,경남고성군,4882000000,2019,238,50.9,52276,17.2,64.1,0,3135,15,0.455275844
경상남도,경남남해군,4884000000,2019,131,54.5,43622,19.7,66.95,0,3135,5,0.300307184
경상남도,경남하동군,4885000000,2019,284,52.9,46574,21.1,70.6,0,3135,4,0.609782282
경상남도,경남산청군,4886000000,2019,32,54.3,35417,15.4,69.7,0,3135,13,0.090352091
경상남도,경남함양군,4887000000,2019,349,52.2,39637,23.4,65,0,3135,6,0.880490451
경상남도,경남거창군,4888000000,2019,875,48.6,62179,27.8,64.85,0,3135,16,1.407227521
경상남도,경남합천군,4889000000,2019,217,55.5,45204,19.5,65.55,0,3135,19,0.480046014
제주특별자치도,제주제주시,5011000000,2019,9884,40.9,489405,23.2,66.25,0,6423,197,2.019595223
제주특별자치도,제주서귀포시,5013000000,2019,2231,44.4,181584,23.2,70.95,0,6423,59,1.228632479
서울특별시,서울종로구,1111000000,2020,12664,45.3,149384,28.6,59.3,574,5587,47,8.477480855
서울특별시,서울중구,1114000000,2020,5317,45.6,125240,29.7,59.3,546,5587,49,4.245448738
서울특별시,서울용산구,1117000000,2020,3237,44.3,230040,24.1,59.3,453,5587,52,1.407146583
서울특별시,서울성동구,1120000000,2020,4076,43,293556,31.8,59.3,500,5587,49,1.388491463
서울특별시,서울광진구,1121500000,2020,7451,42.4,346682,29.7,59.3,458,5587,49,2.149231861
서울특별시,서울동대문구,1123000000,2020,7555,44.1,342837,26.2,59.3,779,5587,50,2.203671132
서울특별시,서울중랑구,1126000000,2020,7835,44.8,394702,35.1,59.3,800,5587,64,1.98504188
서울특별시,서울성북구,1129000000,2020,6098,43.3,437153,33.8,59.3,718,5587,55,1.394934954
서울특별시,서울강북구,1130500000,2020,4063,46.2,308055,35.1,59.3,394,5587,59,1.318920323
서울특별시,서울도봉구,1132000000,2020,3528,45.5,325257,29,59.3,616,5587,73,1.084680729
서울특별시,서울노원구,1135000000,2020,9220,43.3,523037,24.4,59.3,780,5587,182,1.762781601
서울특별시,서울은평구,1138000000,2020,7865,44.2,479835,31.7,59.3,781,5587,111,1.639105109
서울특별시,서울서대문구,1141000000,2020,7083,43.6,312173,20.8,59.3,569,5587,58,2.268934213
서울특별시,서울마포구,1144000000,2020,14511,42,371890,29.6,59.3,635,5587,85,3.901960257
서울특별시,서울양천구,1147000000,2020,5660,42.2,454251,30.1,59.3,751,5587,98,1.246007163
서울특별시,서울강서구,1150000000,2020,9249,42.6,580185,31,59.3,1341,5587,150,1.594146695
서울특별시,서울구로구,1153000000,2020,8965,43.7,404408,27.9,59.3,742,5587,62,2.216820637
서울특별시,서울금천구,1154500000,2020,4870,44.5,231733,31.1,59.3,335,5587,56,2.101556533
서울특별시,서울영등포구,1156000000,2020,7176,43,379480,31.7,59.3,839,5587,52,1.891008749
서울특별시,서울동작구,1159000000,2020,9733,43.1,391220,26.8,59.3,825,5587,58,2.487858494
서울특별시,서울관악구,1162000000,2020,10175,42.6,495060,32.2,59.3,975,5587,79,2.055306428
서울특별시,서울서초구,1165000000,2020,15899,41.3,425126,29.2,59.3,933,5587,141,3.739832426
서울특별시,서울강남구,1168000000,2020,24134,41.4,539231,30.6,59.3,1112,5587,135,4.475632892
서울특별시,서울송파구,1171000000,2020,15426,41.7,667960,25.9,59.3,1923,5587,145,2.309419726
서울특별시,서울강동구,1174000000,2020,12522,42.6,459970,28.4,59.3,613,5587,76,2.722351458
부산광역시,부산진구,2611000000,2020,11796,50.2,359886,25.3,55.6,189,6373,28,3.277704606
부산광역시,부산수영구,2614000000,2020,9095,48.4,176894,26.5,55.6,93,6373,21,5.141497168
부산광역시,부산동구,2617000000,2020,5094,49.3,88901,23.7,55.6,236,6373,7,5.729969292
부산광역시,부산중구,2620000000,2020,2253,50.1,41523,20.7,55.6,24,6373,5,5.425908533
부산광역시,부산북구,2623000000,2020,4043,45.3,283952,23.3,55.6,180,6373,79,1.423832197
부산광역시,부산동래구,2626000000,2020,6965,44.3,270745,28.6,55.6,181,6373,45,2.572531349
부산광역시,부산남구,2629000000,2020,4190,45,267731,28,55.6,103,6373,39,1.565003679
부산광역시,부산사상구,2632000000,2020,3458,44.7,212586,20.4,55.6,164,6373,35,1.626635809
부산광역시,부산해운대구,2635000000,2020,7502,44.1,402169,26.2,55.6,146,6373,75,1.86538495
부산광역시,부산서구,2638000000,2020,1820,45.3,108135,29.4,55.6,75,6373,6,1.683081334
부산광역시,부산금정구,2641000000,2020,3198,46.2,232666,26.8,55.6,69,6373,40,1.374502506
부산광역시,부산강서구,2644000000,2020,731,38.8,137957 ,25.9,55.6,39,6373,88,0.529875251
부산광역시,부산영도구,2647000000,2020,2232,44.9,113342,27.7,55.6,66,6373,16,1.969261174
부산광역시,부산연제구,2650000000,2020,4273,46,209157,28,55.6,146,6373,28,2.042962942
부산광역시,부산사하구,2653000000,2020,4791,45.7,311757,23.8,55.6,120,6373,60,1.536773833
부산광역시,부산기장군,2671000000,2020,2852,41.5,174545,25.2,55.6,36,6373,132,1.633962588
대구광역시,대구중구,2711000000,2020,4509,45,76547,25.8,56.6,342,4382,22,5.890498648
대구광역시,대구동구,2714000000,2020,5898,45.1,341920,19,56.6,834,4382,115,1.724964904
대구광역시,대구서구,2717000000,2020,2923,48.3,170700,25.3,56.6,912,4382,20,1.712360867
대구광역시,대구남구,2720000000,2020,3205,47.6,146632,17.7,56.6,1693,4382,23,2.185743903
대구광역시,대구북구,2723000000,2020,6365,42.3,440263,24.2,56.6,796,4382,102,1.445726759
대구광역시,대구수성구,2726000000,2020,10494,42.7,424314,22,56.6,969,4382,91,2.473168455
대구광역시,대구달서구,2729000000,2020,12382,42.6,558631,24.1,56.6,1559,4382,186,2.216489955
대구광역시,대구달성군,2771000000,2020,1917,40.4,259339,25.5,56.6,696,4382,102,0.739186933
인천광역시,인천중구,2811000000,2020,3386,41.7,139729,28.4,61.3,109,4291,129,2.423262172
인천광역시,인천동구,2814000000,2020,698,47.3,62542,32.1,61.3,112,4291,14,1.116050014
인천광역시,인천미추홀구,2817700000,2020,6194,44,404343,36.1,61.3,335,4291,35,1.531867746
인천광역시,인천연수구,2818500000,2020,4084,39.3,387450,29.4,61.3,310,4291,114,1.054071493
인천광역시,인천남동구,2820000000,2020,8535,42,525354,28.4,61.3,515,4291,160,1.624618828
인천광역시,인천부평구,2823700000,2020,11323,43.3,494962,35.2,61.3,622,4291,94,2.287650365
인천광역시,인천계양구,2824500000,2020,4750,43,296750,34.7,61.3,272,4291,68,1.600673968
인천광역시,인천서구,2826000000,2020,8958,40.2,542040,36.1,61.3,518,4291,140,1.652645561
인천광역시,인천강화군,2871000000,2020,244,52.8,69203,23.6,61.3,46,4291,4,0.352585871
인천광역시,인천옹진군,2872000000,2020,0,49.9,20455,29.3,61.3,0,4291,0,0
광주광역시,광주동구,2911000000,2020,3339,45.4,102897,29.9,58.7,124,8314,82,3.244992565
광주광역시,광주서구,2914000000,2020,5341,41.8,296576,28.3,58.7,210,8314,170,1.800887462
광주광역시,광주남구,2915500000,2020,3278,43,214579,27.2,58.7,112,8314,53,1.5276425
광주광역시,광주북구,2917000000,2020,7910,42.2,430431,26.7,58.7,423,8314,217,1.837692917
광주광역시,광주광산구,2920000000,2020,6197,38.3,405579,27.1,58.7,212,8314,374,1.52793907
대전광역시,대전동구,3011000000,2020,3324,44.6,223021,18.2,60.7,124,8492,53,1.490442604
대전광역시,대전중구,3014000000,2020,7017,44.9,235550,27.7,60.7,158,8492,53,2.978985353
대전광역시,대전서구,3017000000,2020,12062,40.9,477880,18.5,60.7,231,8492,115,2.524064619
대전광역시,대전유성구,3020000000,2020,4250,38.6,351047,29.7,60.7,256,8492,162,1.210664099
대전광역시,대전대덕구,3023000000,2020,2858,43.8,176384,28.3,60.7,76,8492,84,1.620328374
울산광역시,울산중구,3111000000,2020,3294,43.4,217595,25.1,58.1,102,4669,117,1.513821549
울산광역시,울산남구,3114000000,2020,8936,41.8,320064,27.8,58.1,371,4669,121,2.791941612
울산광역시,울산동구,3117000000,2020,656,41.3,156806,26.5,58.1,62,4669,68,0.418351339
울산광역시,울산북구,3120000000,2020,516,38.2,219014,27.8,58.1,85,4669,62,0.235601377
울산광역시,울산울주군,3171000000,2020,1095,43,222538,20.2,58.1,52,4669,111,0.492050796
세종특별자치시,세종시,3611000000,2020,6755,37.3,355831,24.1,62.7,149,3546,83,1.898373104
경기도,경기수원장안구,4111100000,2020,4110,41.9,273661,27.4,58.6,215,5298,58,1.501858138
경기도,경기수원권선구,4111300000,2020,3105,40.5,368645,27.4,58.6,169,5298,145,0.842273732
경기도,경기수원팔달구,4111500000,2020,9263,43.4,174930,27.4,58.6,181,5298,43,5.295260962
경기도,경기수원영통구,4111700000,2020,4477,37.2,368842,27.4,58.6,208,5298,89,1.213798862
경기도,경기성남수정구,4113100000,2020,3997,43.7,241701,27.7,57.95,360,5298,26,1.653696096
경기도,경기성남중원구,4113300000,2020,3230,43.9,216131,27.7,57.95,220,5298,42,1.494464006
경기도,경기성남분당구,4113500000,2020,20716,40.7,482232,27.7,57.95,622,5298,135,4.295857596
경기도,경기의정부시,4115000000,2020,10278,42.8,461710,27.2,54.7,690,5298,115,2.226072643
경기도,경기안양만안구,4117100000,2020,4371,43.9,239413,30,56.85,351,5298,55,1.825715396
경기도,경기안양동안구,4117300000,2020,7299,41.2,310614,30,56.85,363,5298,85,2.349861886
경기도,경기부천시,4119000000,2020,14399,42.7,818383,32.2,58.45,1166,5298,201,1.75944515
경기도,경기광명시,4121000000,2020,4448,42,298599,30.4,57.3,386,5298,89,1.489623207
경기도,경기평택시,4122000000,2020,6790,40.6,537307,28.9,59.85,819,5298,540,1.263709574
경기도,경기동두천시,4125000000,2020,2252,45.7,94353,25.6,51.3,67,5298,43,2.386781554
경기도,경기안산상록구,4127100000,2020,3238,41.5,351888,32.2,57.45,319,5298,108,0.920179148
경기도,경기안산단원구,4127300000,2020,8720,41.1,303027,32.2,57.45,358,5298,91,2.877631366
경기도,경기고양덕양구,4128100000,2020,3890,42.6,476962,31.1,56.5,593,5298,122,0.8155786
경기도,경기고양일산동구,4128500000,2020,9212,42,299716,31.1,56.5,557,5298,78,3.073576319
경기도,경기고양일산서구,4128700000,2020,7611,41.5,302538,31.1,56.5,280,5298,63,2.515717034
경기도,경기과천시,4129000000,2020,65,42,63231,26.5,52.35,68,5298,23,0.102797678
경기도,경기구리시,4131000000,2020,4397,42.3,197454,30.7,57.05,250,5298,68,2.226847772
경기도,경기남양주시,4136000000,2020,7616,41.5,713321,29.7,53.5,719,5298,184,1.067682011
경기도,경기오산시,4137000000,2020,3411,38.4,229725,28.4,60.95,137,5298,118,1.484818805
경기도,경기시흥시,4139000000,2020,5101,39.4,500895,33.8,61.3,470,5298,145,1.018377105
경기도,경기군포시,4141000000,2020,5030,42,273791,27.9,56.45,448,5298,130,1.837167767
경기도,경기의왕시,4143000000,2020,846,42.1,163795,28.8,56.4,131,5298,83,0.516499283
경기도,경기하남시,4145000000,2020,2884,40.5,293452,26.6,61.5,265,5298,49,0.982784237
경기도,경기용인처인구,4146100000,2020,2408,42.2,257498,25.1,54.9,144,5298,40,0.935152894
경기도,경기용인기흥구,4146300000,2020,6135,40.1,440835,25.1,54.9,444,5298,152,1.391677158
경기도,경기용인수지구,4146500000,2020,4091,39.9,375843,25.1,54.9,378,5298,95,1.088486416
경기도,경기파주시,4148000000,2020,4530,41.1,465617,28.1,58.55,507,5298,164,0.972902622
경기도,경기이천시,4150000000,2020,4337,41.6,218388,32,64.05,168,5298,38,1.985914977
경기도,경기안성시,4155000000,2020,1305,43.9,187012,25.8,63.8,98,5298,57,0.697816183
경기도,경기김포시,4157000000,2020,2808,39.7,473970,34.2,58.15,447,5298,193,0.59244256
경기도,경기화성시,4159000000,2020,8452,37.4,855248,30.3,64.1,398,5298,616,0.988251361
경기도,경기광주시,4161000000,2020,3851,41.7,382054,22.5,60.2,404,5298,57,1.007972695
경기도,경기양주시,4163000000,2020,1755,42.5,230359,22.5,54.15,195,5298,104,0.761854323
경기도,경기포천시,4165000000,2020,1023,46.7,147274,28.3,59.6,296,5298,48,0.694623627
경기도,경기여주시,4167000000,2020,2099,46.7,111897,25.5,60.6,144,5298,24,1.875832239
경기도,경기연천군,4180000000,2020,324,48.5,43516,23.5,62.25,115,5298,20,0.744553727
경기도,경기가평군,4182000000,2020,463,49.5,62377,20.1,61.45,98,5298,17,0.742260769
경기도,경기양평군,4183000000,2020,880,48.9,118810,28.2,58.7,202,5298,43,0.740678394
강원도,강원춘천시,4211000000,2020,6125,43.8,282765,33.1,56.3,159,7769,283,2.166109667
강원도,강원원주시,4213000000,2020,7807,42.6,354376,32.7,58.7,319,7769,193,2.203027293
강원도,강원강릉시,4215000000,2020,5179,46.3,213321,30.5,58.2,117,7769,178,2.427796607
강원도,강원동해시,4217000000,2020,1636,45.5,90593,22.5,59.05,133,7769,11,1.805879041
강원도,강원태백시,4219000000,2020,260,48.4,42719,25.3,59.6,4,7769,47,0.608628479
강원도,강원속초시,4221000000,2020,1853,45.4,82665,16.3,62.7,55,7769,92,2.241577451
강원도,강원삼척시,4223000000,2020,1269,48.5,65243,26.6,59.45,7,7769,49,1.945036249
강원도,강원홍천군,4272000000,2020,1522,49.7,69242,22.4,67.1,75,7769,55,2.198087866
강원도,강원횡성군,4273000000,2020,176,51.8,46472,22.5,66.35,14,7769,65,0.378722672
강원도,강원영월군,4275000000,2020,217,51.8,38662,30.8,64.7,29,7769,40,0.561274637
강원도,강원평창군,4276000000,2020,245,51.5,41681,24.6,68.65,24,7769,53,0.587797798
강원도,강원정선군,4277000000,2020,38,51.3,36870,22,69.05,19,7769,73,0.103064822
강원도,강원철원군,4278000000,2020,43,46,44699,23.9,63.8,182,7769,48,0.09619902
강원도,강원화천군,4279000000,2020,11,45.9,24857,21.5,67.7,16,7769,32,0.044253128
강원도,강원양구군,4280000000,2020,23,45,22278,24.2,68.35,9,7769,10,0.103240865
강원도,강원인제군,4281000000,2020,80,45.6,31694,23.3,71.45,37,7769,32,0.252413706
강원도,강원고성군,4282000000,2020,11,51.3,26757,15.6,66.8,2,7769,59,0.041110737
강원도,강원양양군,4283000000,2020,88,51.4,27946,20.2,66.9,6,7769,18,0.314893008
충청북도,충북청주상당구,4311100000,2020,6756,42.5,190034,25.1,59.7,95,7693,94,3.555153288
충청북도,충북청주서원구,4311200000,2020,4164,42.7,194720,25.1,59.7,154,7693,90,2.138455218
충청북도,충북청주흥덕구,4311300000,2020,5112,39.8,265866,25.1,59.7,98,7693,155,1.922773126
충청북도,충북청주청원구,4311400000,2020,3159,40,194373,25.1,59.7,76,7693,106,1.625225726
충청북도,충북충주시,4313000000,2020,3867,45.6,210186,29.3,61.5,84,7693,123,1.839799035
충청북도,충북제천시,4315000000,2020,3553,46.8,133018,25.4,59.05,255,7693,69,2.671067074
충청북도,충북보은군,4372000000,2020,333,54,32412,30.9,68.15,3,7693,8,1.02739726
충청북도,충북옥천군,4373000000,2020,535,51.1,50527,29.4,63.7,15,7693,9,1.058839828
충청북도,충북영동군,4374000000,2020,962,51.9,47475,18.1,61.5,14,7693,6,2.026329647
충청북도,충북증평군,4374500000,2020,447,43.4,36807,25.9,61.25,22,7693,30,1.214442905
충청북도,충북진천군,4375000000,2020,1225,42.8,83718,33,68.55,98,7693,37,1.463245658
충청북도,충북괴산군,4376000000,2020,438,54.2,39393,30.4,65.9,72,7693,24,1.111872668
충청북도,충북음성군,4377000000,2020,678,47.2,93153,28,67.2,170,7693,43,0.727834852
충청북도,충북단양군,4380000000,2020,23,52.8,29155,17.2,63.4,7,7693,26,0.078888698
충청남도,충남천안동남구,4413100000,2020,4608,42.1,258009,31.3,63.85,348,7200,153,1.78598421
충청남도,충남천안서북구,4413300000,2020,7311,37.8,400799,31.3,63.85,349,7200,203,1.824106348
충청남도,충남공주시,4415000000,2020,2718,49.2,104545,22.2,62.7,86,7200,62,2.599837391
충청남도,충남보령시,4418000000,2020,1281,48.7,100229,20.9,64.2,91,7200,95,1.278073212
충청남도,충남아산시,4420000000,2020,4622,40.3,316129,26,62.4,209,7200,129,1.462061374
충청남도,충남서산시,4421000000,2020,1280,43.7,175591,28,66.85,144,7200,198,0.728966747
충청남도,충남논산시,4423000000,2020,3726,48.9,116675,22.1,61.5,49,7200,116,3.19348618
충청남도,충남계룡시,4425000000,2020,20,40,42822,24.5,53.75,12,7200,51,0.046704965
충청남도,충남당진시,4427000000,2020,3623,43.8,166249,23.4,68.5,151,7200,311,2.179261229
충청남도,충남금산군,4471000000,2020,1098,51.6,51413,24.5,62.1,29,7200,22,2.135646626
충청남도,충남부여군,4476000000,2020,1407,53.4,65354,23.1,66.05,16,7200,29,2.152890412
충청남도,충남서천군,4477000000,2020,1105,54.1,51866,27.1,66.5,27,7200,41,2.130490109
충청남도,충남청양군,4479000000,2020,366,54,30948,31.9,76.4,50,7200,29,1.182628926
충청남도,충남홍성군,4480000000,2020,2239,46.6,100102,29.7,63,51,7200,168,2.236718547
충청남도,충남예산군,4481000000,2020,1190,51.9,78084,29.1,65.05,15,7200,114,1.523999795
충청남도,충남태안군,4482500000,2020,570,51.7,62214,28.4,72.05,26,7200,22,0.916192497
전라북도,전북전주완산구,4511100000,2020,8117,42.5,339718,30.8,57.5,226,9609,141,2.389334683
전라북도,전북전주덕진구,4511300000,2020,6224,40.8,317714,30.8,57.5,6,9609,113,1.958994567
전라북도,전북군산시,4513000000,2020,3047,44.3,267859,26,54.2,164,9609,151,1.13753878
전라북도,전북익산시,4514000000,2020,4134,45.1,282276,24.4,56.35,184,9609,109,1.464524083
전라북도,전북정읍시,4518000000,2020,1261,49.3,108508,26.5,60.9,37,9609,15,1.162126295
전라북도,전북남원시,4519000000,2020,2068,49.3,80662,19.8,64.9,15,9609,14,2.563784682
전라북도,전북김제시,4521000000,2020,1216,51.7,82450,29.4,62.5,69,9609,1,1.474833232
전라북도,전북완주군,4571000000,2020,471,46.7,91609,23.8,62.3,26,9609,68,0.514141624
전라북도,전북진안군,4572000000,2020,119,53.6,25394,22.6,72.4,3,9609,6,0.468614633
전라북도,전북무주군,4573000000,2020,53,52.7,24036,25.8,73.35,1,9609,10,0.220502579
전라북도,전북장수군,4574000000,2020,60,52.7,22085,14.1,79.6,1,9609,6,0.271677609
전라북도,전북임실군,4575000000,2020,22,54.1,27314,30.1,70.8,4,9609,13,0.080544776
전라북도,전북순창군,4577000000,2020,251,52.4,27810,19.4,66.1,81,9609,2,0.902553038
전라북도,전북고창군,4579000000,2020,743,52.8,54529,20.5,66,12,9609,19,1.362577711
전라북도,전북부안군,4580000000,2020,844,52.5,52140,25.7,69.8,8,9609,35,1.618718834
전라남도,전남목포시,4611000000,2020,5582,42.9,224044,20.9,56.5,43,6027,100,2.491474889
전라남도,전남여수시,4613000000,2020,2913,44.7,280242,20.7,62.65,39,6027,162,1.039458754
전라남도,전남순천시,4615000000,2020,3281,42.5,282189,21,60.6,191,6027,160,1.162695924
전라남도,전남나주시,4617000000,2020,981,45.6,115613,27.5,65.3,40,6027,99,0.848520495
전라남도,전남광양시,4623000000,2020,1171,41.6,151769,21.2,64.3,78,6027,159,0.771567316
전라남도,전남담양군,4671000000,2020,297,51.5,46280,16.3,65.8,9,6027,133,0.641745895
전라남도,전남곡성군,4672000000,2020,74,54.4,28039,25,66.85,3,6027,18,0.263918114
전라남도,전남구례군,4673000000,2020,69,53.5,25719,14.8,67.55,6,6027,3,0.268284148
전라남도,전남고흥군,4677000000,2020,1971,56.3,63922,17.5,75.35,11,6027,25,3.083445449
전라남도,전남보성군,4678000000,2020,278,55.1,40482,22.1,71.25,4,6027,18,0.686724964
전라남도,전남화순군,4679000000,2020,615,49,62522,30.3,62.4,39,6027,9,0.983653754
전라남도,전남장흥군,4680000000,2020,211,52.7,37800,26.6,68.85,1,6027,12,0.558201058
전라남도,전남강진군,4681000000,2020,173,53,34597,17.2,68.4,0,6027,11,0.500043356
전라남도,전남해남군,4682000000,2020,1710,51.7,68806,25.9,74.35,3,6027,58,2.48524838
전라남도,전남영암군,4683000000,2020,169,48.9,53699,28.7,66.55,10,6027,9,0.31471722
전라남도,전남무안군,4684000000,2020,443,44,86132,20.2,60.5,10,6027,26,0.514326847
전라남도,전남함평군,4686000000,2020,168,54.4,32050,15.6,67,11,6027,14,0.524180967
전라남도,전남영광군,4687000000,2020,665,49.3,53099,24.8,68.35,11,6027,5,1.252377634
전라남도,전남장성군,4688000000,2020,274,50.4,44464,23.2,67.2,39,6027,29,0.616228859
전라남도,전남완도군,4689000000,2020,71,51.6,49916,24.1,68,3,6027,10,0.142238961
전라남도,전남진도군,4690000000,2020,86,52.1,31227,12.3,70.75,8,6027,7,0.275402696
전라남도,전남신안군,4691000000,2020,28,55.1,38938,6.2,76.95,1,6027,10,0.071909189
경상북도,경북포항남구,4711100000,2020,3735,44.3,230422,24.8,57.55,121,6148,83,1.620938973
경상북도,경북포항북구,4711300000,2020,5061,44,272494,24.8,57.55,125,6148,93,1.857288601
경상북도,경북경주시,4713000000,2020,4266,47.2,253502,23,60.2,208,6148,61,1.68282696
경상북도,경북김천시,4715000000,2020,3262,46.7,140548,24.7,60.75,86,6148,35,2.320915274
경상북도,경북안동시,4717000000,2020,2887,47.6,158907,25.4,60.2,145,6148,106,1.816785919
경상북도,경북구미시,4719000000,2020,6571,39.1,416328,27.7,59.6,238,6148,182,1.578322861
경상북도,경북영주시,4721000000,2020,1350,49.3,103119,24.4,56.2,54,6148,71,1.309167079
경상북도,경북영천시,4723000000,2020,1622,50.1,102015,28.7,66.1,62,6148,27,1.58996226
경상북도,경북상주시,4725000000,2020,873,51.6,97228,18.7,63.85,54,6148,54,0.897889497
경상북도,경북문경시,4728000000,2020,2595,50.8,71406,28.9,61.55,19,6148,32,3.634148391
경상북도,경북경산시,4729000000,2020,3548,43.5,263728,28.1,55.15,799,6148,121,1.345325487
경상북도,경북군위군,4772000000,2020,65,57.6,23256,18.8,71,9,6148,7,0.279497764
경상북도,경북의성군,4773000000,2020,185,57.3,51724,15.4,71.6,49,6148,13,0.35766762
경상북도,경북청송군,4775000000,2020,75,55.7,25044,22.4,74.85,37,6148,2,0.299472928
경상북도,경북영양군,4776000000,2020,0,55.3,16692,24.2,70.4,3,6148,4,0
경상북도,경북영덕군,4777000000,2020,241,55,36313,17.5,63,26,6148,27,0.663674166
경상북도,경북청도군,4782000000,2020,413,55.7,42263,30,68.95,160,6148,9,0.977214112
경상북도,경북고령군,4783000000,2020,24,52.6,31361,21.1,64.85,14,6148,4,0.076528172
경상북도,경북성주군,4784000000,2020,80,53.3,43414,15.8,68.15,21,6148,18,0.184272355
경상북도,경북칠곡군,4785000000,2020,460,43.2,114758,24.7,60.3,63,6148,51,0.400843514
경상북도,경북예천군,4790000000,2020,117,49.5,55613,26.9,67.9,54,6148,51,0.210382465
경상북도,경북봉화군,4792000000,2020,76,55.1,31494,33.5,71.15,69,6148,7,0.241315806
경상북도,경북울진군,4793000000,2020,227,50,48716,33.5,61.5,7,6148,19,0.465966007
경상북도,경북울릉군,4794000000,2020,0,51.1,9077,21.3,83,1,6148,16,0
경상남도,경남창원의창구,4812100000,2020,1994,42,262408,26.2,57.1,204,3504,132,0.759885369
경상남도,경남창원성산구,4812300000,2020,4574,40.1,214570,26.2,57.1,25,3504,97,2.131705271
경상남도,경남창원마산합포구,4812500000,2020,3372,46.2,175716,26.2,57.1,104,3504,72,1.919005668
경상남도,경남창원마산회원구,4812700000,2020,3155,44.4,191289,26.2,57.1,11,3504,66,1.649336867
경상남도,경남창원진해구,4812900000,2020,1452,41.2,192755,26.2,57.1,54,3504,91,0.753287852
경상남도,경남진주시,4817000000,2020,7248,43,348096,29.9,55.6,205,3504,129,2.082184225
경상남도,경남통영시,4822000000,2020,1571,45.4,128293,20.6,55.5,12,3504,43,1.2245407
경상남도,경남사천시,4824000000,2020,699,46.2,111105,30.8,62.35,75,3504,14,0.629134602
경상남도,경남김해시,4825000000,2020,4788,40.5,542338,29.5,57.85,149,3504,231,0.882844278
경상남도,경남밀양시,4827000000,2020,481,50.5,104831,25.7,57.6,53,3504,34,0.458833742
경상남도,경남거제시,4831000000,2020,3654,39.8,245754,21.4,59.35,164,3504,67,1.486852706
경상남도,경남양산시,4833000000,2020,4613,41.4,352229,28,56.8,78,3504,151,1.309659341
경상남도,경남의령군,4872000000,2020,106,55.1,26800,18.4,68,3,3504,31,0.395522388
경상남도,경남함안군,4873000000,2020,239,48.3,64182,27.2,60.65,6,3504,31,0.372378549
경상남도,경남창녕군,4874000000,2020,493,51.9,61301,15.1,63.7,45,3504,15,0.804228316
경상남도,경남고성군,4882000000,2020,236,51.7,51361,16.1,64.55,7,3504,15,0.459492611
경상남도,경남남해군,4884000000,2020,202,55.1,42958,21.7,65.95,3,3504,5,0.470226733
경상남도,경남하동군,4885000000,2020,236,54.1,44785,27.3,70.85,56,3504,4,0.526962153
경상남도,경남산청군,4886000000,2020,44,55.2,34857,18.6,71.15,22,3504,13,0.126230026
경상남도,경남함양군,4887000000,2020,304,53,39080,23.7,67.55,7,3504,6,0.777891505
경상남도,경남거창군,4888000000,2020,924,49.2,61502,24.3,66.65,22,3504,16,1.502390166
경상남도,경남합천군,4889000000,2020,184,56.4,44006,20.3,66.1,20,3504,19,0.418124801
제주특별자치도,제주제주시,5011000000,2020,10406,41.4,492466,25.8,63.1,346,6062,202,2.113039276
제주특별자치도,제주서귀포시,5013000000,2020,2293,44.9,182169,25.8,71.3,70,6062,59,1.258721297
서울특별시,서울종로구,1111000000,2021,12128,45.4,144683,30.3,54.45,5476,6208,45,8.382463731
서울특별시,서울중구,1114000000,2021,6153,45.8,122499,26.8,55.5,7401,6208,46,5.022898146
서울특별시,서울용산구,1117000000,2021,3950,44.3,222953,26.5,59.3,5007,6208,50,1.771673851
서울특별시,서울성동구,1120000000,2021,5097,43.4,285990,30.5,56.3,5451,6208,51,1.782230148
서울특별시,서울광진구,1121500000,2021,7902,42.9,339996,27.1,56.85,7031,6208,46,2.32414499
서울특별시,서울동대문구,1123000000,2021,7250,44.3,337400,23.1,54.5,10069,6208,47,2.148784825
서울특별시,서울중랑구,1126000000,2021,8867,45.3,387350,29.9,54.85,7794,6208,61,2.289144185
서울특별시,서울성북구,1129000000,2021,6248,43.7,430528,30.8,52.5,8423,6208,54,1.451241267
서울특별시,서울강북구,1130500000,2021,4362,46.7,299182,29,51.8,6425,6208,59,1.457975413
서울특별시,서울도봉구,1132000000,2021,4222,46.1,317366,31.8,53.55,6055,6208,72,1.33032524
서울특별시,서울노원구,1135000000,2021,9825,43.9,510956,24,53.9,8239,6208,181,1.922866157
서울특별시,서울은평구,1138000000,2021,8597,44.7,473307,27.1,55.35,9025,6208,110,1.816368657
서울특별시,서울서대문구,1141000000,2021,7792,43.9,304819,28.2,53,5635,6208,58,2.556271099
서울특별시,서울마포구,1144000000,2021,16416,42.2,368905,28.7,59.8,6142,6208,86,4.449926133
서울특별시,서울양천구,1147000000,2021,6551,42.8,447302,29.6,55.9,7306,6208,97,1.46455862
서울특별시,서울강서구,1150000000,2021,11269,43.1,574315,30.4,57.65,9483,6208,150,1.962163621
서울특별시,서울구로구,1153000000,2021,9359,44.2,396754,24,58.15,10583,6208,61,2.358892412
서울특별시,서울금천구,1154500000,2021,5590,44.8,230811,31.8,58.3,5811,6208,55,2.42189497
서울특별시,서울영등포구,1156000000,2021,8858,43.2,376837,29.3,58.75,10753,6208,53,2.350618437
서울특별시,서울동작구,1159000000,2021,10467,43.5,385483,26.7,55.8,8157,6208,57,2.715294838
서울특별시,서울관악구,1162000000,2021,12392,42.9,485699,23.8,54.4,9559,6208,78,2.551374411
서울특별시,서울서초구,1165000000,2021,18079,41.7,412279,27.7,55.35,10197,6208,139,4.385137249
서울특별시,서울강남구,1168000000,2021,28094,41.9,533042,31.9,57.4,13692,6208,132,5.270504013
서울특별시,서울송파구,1171000000,2021,16742,42.2,658338,29,57.5,13423,6208,143,2.543070581
서울특별시,서울강동구,1174000000,2021,13863,43,462664,23.2,59.1,8973,6208,76,2.996342918
부산광역시,부산진구,2611000000,2021,12973,50.3,353159,24.5,51.25,2011,7275,30,3.673416223
부산광역시,부산수영구,2614000000,2021,9878,48.7,175095,24.8,50.4,1251,7275,21,5.641508895
부산광역시,부산동구,2617000000,2021,4990,49.5,87679,27.6,49.4,982,7275,6,5.691214544
부산광역시,부산중구,2620000000,2021,2212,50.5,40524,26.5,46.35,538,7275,5,5.458493732
부산광역시,부산북구,2623000000,2021,4189,45.7,283211,25.4,53.1,1419,7275,78,1.479109215
부산광역시,부산동래구,2626000000,2021,8005,44.7,266866,24,52.9,1745,7275,49,2.999632775
부산광역시,부산남구,2629000000,2021,5188,45.6,262069,23.3,49.6,1527,7275,40,1.979631318
부산광역시,부산사상구,2632000000,2021,3565,45.3,208298,23.2,51.45,1507,7275,35,1.711490269
부산광역시,부산해운대구,2635000000,2021,8460,44.7,396438,26.4,51.9,2193,7275,73,2.134003299
부산광역시,부산서구,2638000000,2021,908,45.9,105164,27,53.35,1414,7275,7,0.863413335
부산광역시,부산금정구,2641000000,2021,4038,46.7,228049,27.5,50.35,1494,7275,40,1.770672092
부산광역시,부산강서구,2644000000,2021,1198,39.1,142918 ,25.9,63.2,943,7275,88,0.838242909
부산광역시,부산영도구,2647000000,2021,2383,45.4,110638,26.8,53,936,7275,15,2.153871183
부산광역시,부산연제구,2650000000,2021,4659,46.4,207144,25.5,52.8,2545,7275,27,2.249160005
부산광역시,부산사하구,2653000000,2021,5068,46.4,306003,25.9,54.7,1745,7275,63,1.656192913
부산광역시,부산기장군,2671000000,2021,3139,42.1,177125,28.5,57.25,957,7275,132,1.772194778
대구광역시,대구중구,2711000000,2021,4664,45.1,74791,29.1,56.25,768,5133,22,6.236044444
대구광역시,대구동구,2714000000,2021,6183,45.6,341436,22.9,53.95,2047,5133,114,1.810881102
대구광역시,대구서구,2717000000,2021,3228,49.1,164528,25.2,51.65,2237,5133,20,1.961976077
대구광역시,대구남구,2720000000,2021,3174,48.1,143175,19.8,49.5,1430,5133,22,2.21686747
대구광역시,대구북구,2723000000,2021,7136,42.9,437008,28.3,53.75,2351,5133,102,1.632922052
대구광역시,대구수성구,2726000000,2021,12090,43.3,417097,25,53,1886,5133,90,2.898606319
대구광역시,대구달서구,2729000000,2021,12118,43.4,544926,22.9,54.85,2952,5133,186,2.223788184
대구광역시,대구달성군,2771000000,2021,2274,41,262451,22.1,61.75,1652,5133,99,0.866447451
인천광역시,인천중구,2811000000,2021,3979,42,143633,26.2,59.9,2060,5984,128,2.770254746
인천광역시,인천동구,2814000000,2021,702,47.6,61486,21.8,57.45,938,5984,15,1.141723319
인천광역시,인천미추홀구,2817700000,2021,6558,44.4,407464,30.7,58.05,5329,5984,33,1.609467339
인천광역시,인천연수구,2818500000,2021,3989,39.8,389644,29.2,58.6,4865,5984,113,1.023755017
인천광역시,인천남동구,2820000000,2021,9909,42.7,518272,29,57.6,4834,5984,159,1.911930415
인천광역시,인천부평구,2823700000,2021,12470,43.9,486765,31.8,58.2,6096,5984,94,2.561811141
인천광역시,인천계양구,2824500000,2021,4866,43.7,295696,32.6,59.35,3298,5984,67,1.645609004
인천광역시,인천서구,2826000000,2021,9523,40.6,555380,28.9,61.4,5749,5984,140,1.714681839
인천광역시,인천강화군,2871000000,2021,220,53.4,69693,19.3,66.35,710,5984,5,0.315670153
인천광역시,인천옹진군,2872000000,2021,0,50.7,20342,26.6,78.6,1,5984,0,0
광주광역시,광주동구,2911000000,2021,3183,45.5,103470,23.9,55.05,478,9391,82,3.076253987
광주광역시,광주서구,2914000000,2021,6760,42.4,291231,31.1,59.8,1456,9391,171,2.321181468
광주광역시,광주남구,2915500000,2021,3360,43.3,215575,24.1,57.05,924,9391,51,1.558622289
광주광역시,광주북구,2917000000,2021,8746,42.7,427114,29,55.1,1614,9391,216,2.047696868
광주광역시,광주광산구,2920000000,2021,6704,38.9,404221,26.8,60.8,2473,9391,374,1.658498693
대전광역시,대전동구,3011000000,2021,3585,45.1,222222,21.8,52.9,1701,9563,52,1.613251613
대전광역시,대전중구,3014000000,2021,6866,45.5,230341,26.8,57.5,2402,9563,52,2.980798034
대전광역시,대전서구,3017000000,2021,12066,41.4,473365,19,59.45,3313,9563,112,2.548984399
대전광역시,대전유성구,3020000000,2021,5444,39.2,351277,28.6,60.6,2761,9563,160,1.54977411
대전광역시,대전대덕구,3023000000,2021,2905,44.5,175046,26.4,57.4,1228,9563,83,1.659563772
울산광역시,울산중구,3111000000,2021,3649,44.1,212883,24.6,54.75,1401,5782,117,1.714087081
울산광역시,울산남구,3114000000,2021,10169,42.4,313819,26.5,55.9,1893,5782,120,3.240402907
울산광역시,울산동구,3117000000,2021,494,42,154096,27,54.15,992,5782,67,0.320579379
울산광역시,울산북구,3120000000,2021,608,39,218735,26.2,59.45,1164,5782,75,0.277961917
울산광역시,울산울주군,3171000000,2021,1118,43.8,222059,19.7,58.65,750,5782,107,0.503469799
세종특별자치시,세종시,3611000000,2021,8347,37.7,371895,25.5,62.6,1993,4129,85,2.244450719
경기도,경기수원장안구,4111100000,2021,4602,42.3,273835,28.1,59.45,2640,6207,58,1.680574068
경기도,경기수원권선구,4111300000,2021,3483,41.1,364136,28.1,59.45,3059,6207,145,0.956510754
경기도,경기수원팔달구,4111500000,2021,9701,43.4,182321,28.1,59.45,3216,6207,43,5.32083523
경기도,경기수원영통구,4111700000,2021,5742,37.8,363422,28.1,59.45,3040,6207,89,1.579981399
경기도,경기성남수정구,4113100000,2021,5044,44.1,235988,26.3,59.85,3525,6207,26,2.137396817
경기도,경기성남중원구,4113300000,2021,3840,44.4,210777,26.3,59.85,3587,6207,42,1.821830655
경기도,경기성남분당구,4113500000,2021,22057,41.2,484183,26.3,59.85,5738,6207,135,4.555508971
경기도,경기의정부시,4115000000,2021,11138,43.3,463661,29,55.6,6376,6207,112,2.40218608
경기도,경기안양만안구,4117100000,2021,5363,44.4,238311,28.6,58.6,3599,6207,52,2.250420669
경기도,경기안양동안구,4117300000,2021,7737,41.6,308867,28.6,58.6,3933,6207,83,2.504961683
경기도,경기부천시,4119000000,2021,16167,43.4,806067,31.1,59,11253,6207,199,2.005664542
경기도,경기광명시,4121000000,2021,5122,42.5,292893,29.7,57.3,4643,6207,88,1.748761493
경기도,경기평택시,4122000000,2021,7718,40.8,564288,28.8,60.5,8590,6207,538,1.367741295
경기도,경기동두천시,4125000000,2021,2448,46.2,93592,24.4,53.7,2387,6207,41,2.615608172
경기도,경기안산상록구,4127100000,2021,3444,42.1,350668,32,59.45,4178,6207,108,0.982125543
경기도,경기안산단원구,4127300000,2021,8873,41.7,302058,32,59.45,6680,6207,91,2.937515312
경기도,경기고양덕양구,4128100000,2021,4690,43.1,482927,27.9,58.55,5844,6207,122,0.971161273
경기도,경기고양일산동구,4128500000,2021,9032,42.6,298873,27.9,58.55,3678,6207,78,3.022019386
경기도,경기고양일산서구,4128700000,2021,9040,42.3,297553,27.9,58.55,3414,6207,62,3.038114218
경기도,경기과천시,4129000000,2021,42,41.8,73345,26.8,55.65,891,6207,23,0.057263617
경기도,경기구리시,4131000000,2021,5536,42.9,191948,29.3,58.6,3793,6207,66,2.884114448
경기도,경기남양주시,4136000000,2021,9653,42.1,733798,28.2,55.55,9237,6207,179,1.315484643
경기도,경기오산시,4137000000,2021,3849,39.2,229983,28.2,62.55,2197,6207,118,1.673601962
경기도,경기시흥시,4139000000,2021,6169,40,512030,26.9,61.7,6783,6207,143,1.204812218
경기도,경기군포시,4141000000,2021,5527,42.8,268535,31,58.65,3540,6207,127,2.058204703
경기도,경기의왕시,4143000000,2021,1011,42.7,163356,27,58.6,1777,6207,80,0.618893705
경기도,경기하남시,4145000000,2021,4209,40.6,320087,23.7,61,4270,6207,49,1.314954997
경기도,경기용인처인구,4146100000,2021,2888,42.8,260198,26.6,56.4,3127,6207,39,1.109923981
경기도,경기용인기흥구,4146300000,2021,7045,40.7,441742,26.6,56.4,3939,6207,149,1.594822317
경기도,경기용인수지구,4146500000,2021,4782,40.4,375568,26.6,56.4,4127,6207,94,1.273271418
경기도,경기파주시,4148000000,2021,6073,41.5,483245,25.5,59.5,4991,6207,161,1.256712434
경기도,경기이천시,4150000000,2021,4855,42.1,223177,30.4,67.1,3183,6207,38,2.175403379
경기도,경기안성시,4155000000,2021,1490,44.5,189534,32.5,63.45,1779,6207,56,0.786138635
경기도,경기김포시,4157000000,2021,3501,40.2,486508,27,59.8,6302,6207,191,0.719618177
경기도,경기화성시,4159000000,2021,11051,37.9,887015,27.2,65.2,8756,6207,612,1.245863937
경기도,경기광주시,4161000000,2021,4058,42.4,387289,27.4,61.65,5140,6207,55,1.047796348
경기도,경기양주시,4163000000,2021,2130,43,236368,29.3,56.55,3071,6207,101,0.90113721
경기도,경기포천시,4165000000,2021,1067,47.3,148939,29,62.6,1738,6207,47,0.716400674
경기도,경기여주시,4167000000,2021,2414,47.4,112150,28,63.5,1140,6207,23,2.152474365
경기도,경기연천군,4180000000,2021,389,49.2,42721,32.2,62.35,629,6207,18,0.91055921
경기도,경기가평군,4182000000,2021,515,50.1,62264,26.2,61.05,690,6207,16,0.827123217
경기도,경기양평군,4183000000,2021,950,49.4,121230,22.5,59.4,1404,6207,43,0.783634414
강원도,강원춘천시,4211000000,2021,6575,44.2,284594,28.7,57.85,1859,9946,282,2.31030872
강원도,강원원주시,4213000000,2021,7766,43.2,357757,36.2,59.85,2760,9946,193,2.170747183
강원도,강원강릉시,4215000000,2021,5587,46.8,212965,25.4,60.2,1568,9946,176,2.623435776
강원도,강원동해시,4217000000,2021,1540,46.1,90081,24.9,61,663,9946,11,1.709572496
강원도,강원태백시,4219000000,2021,250,49,40844,26.3,61.35,290,9946,47,0.612085006
강원도,강원속초시,4221000000,2021,1867,46,82791,17.6,62.05,1080,9946,91,2.255076035
강원도,강원삼척시,4223000000,2021,1366,49.2,63429,23.2,60.15,185,9946,49,2.153589052
강원도,강원홍천군,4272000000,2021,1748,50.5,68365,31.5,70.45,673,9946,55,2.556863892
강원도,강원횡성군,4273000000,2021,151,52.4,46481,27.8,66,221,9946,63,0.324863923
강원도,강원영월군,4275000000,2021,229,52.4,37904,27.6,66.05,181,9946,40,0.604157873
강원도,강원평창군,4276000000,2021,258,52.4,40996,24.3,71.6,262,9946,50,0.629329691
강원도,강원정선군,4277000000,2021,37,51.9,35675,25.2,69.15,148,9946,72,0.103714085
강원도,강원철원군,4278000000,2021,51,46.7,43340,20.4,64.75,326,9946,48,0.117674204
강원도,강원화천군,4279000000,2021,10,46.6,24195,29.5,69.4,206,9946,31,0.041330853
강원도,강원양구군,4280000000,2021,34,45.8,21748,26.6,71.1,178,9946,10,0.156336215
강원도,강원인제군,4281000000,2021,50,45.9,32165,24.5,71.85,107,9946,31,0.155448469
강원도,강원고성군,4282000000,2021,0,51.6,27249,15.7,68.5,225,9946,58,0
강원도,강원양양군,4283000000,2021,85,52.2,27913,21.4,69.65,266,9946,18,0.304517608
충청북도,충북청주상당구,4311100000,2021,7140,42.9,193827,26,61.05,1082,8927,91,3.683697318
충청북도,충북청주서원구,4311200000,2021,4469,43.3,192899,26,61.05,1399,8927,89,2.316756437
충청북도,충북청주흥덕구,4311300000,2021,5396,40.3,267429,26,61.05,1389,8927,153,2.017731809
충청북도,충북청주청원구,4311400000,2021,3318,40.5,194327,26,61.05,907,8927,105,1.707431288
충청북도,충북충주시,4313000000,2021,3598,46.2,209358,27.7,62.95,1517,8927,122,1.7185873
충청북도,충북제천시,4315000000,2021,3918,47.5,131591,31.2,59.9,698,8927,68,2.977407269
충청북도,충북보은군,4372000000,2021,459,54.7,31878,31.3,69.45,166,8927,7,1.439864483
충청북도,충북옥천군,4373000000,2021,857,51.9,50093,26.2,63.2,145,8927,9,1.710817879
충청북도,충북영동군,4374000000,2021,1094,53,45773,29.4,63.8,180,8927,4,2.390055273
충청북도,충북증평군,4374500000,2021,590,44.2,36426,27,65.2,209,8927,30,1.619722176
충청북도,충북진천군,4375000000,2021,1400,43.3,85176,34.8,70.8,1099,8927,36,1.64365549
충청북도,충북괴산군,4376000000,2021,350,55.5,38122,23.3,68.75,192,8927,24,0.918105031
충청북도,충북음성군,4377000000,2021,696,47.9,92197,27.2,69.3,1237,8927,40,0.754905257
충청북도,충북단양군,4380000000,2021,20,53.7,28331,22.1,64.7,115,8927,26,0.070594049
충청남도,충남천안동남구,4413100000,2021,5061,42.8,255292,28.4,63.35,2013,10528,151,1.982435799
충청남도,충남천안서북구,4413300000,2021,8694,38.4,403194,28.4,63.35,3772,10528,202,2.156282088
충청남도,충남공주시,4415000000,2021,2857,49.8,103145,25.4,62.1,455,10528,61,2.769887052
충청남도,충남보령시,4418000000,2021,1309,49.4,98408,21.6,63.3,645,10528,94,1.330176408
충청남도,충남아산시,4420000000,2021,4603,40.8,324580,29.7,62.3,2767,10528,125,1.418140366
충청남도,충남서산시,4421000000,2021,1406,44.3,176645,25.7,67.45,950,10528,197,0.795946673
충청남도,충남논산시,4423000000,2021,3887,49.5,114483,25.3,63.6,1068,10528,115,3.395263926
충청남도,충남계룡시,4425000000,2021,16,40.6,43331,24.2,57.55,224,10528,51,0.036925065
충청남도,충남당진시,4427000000,2021,4515,44.5,167092,24.9,68.75,1622,10528,308,2.70210423
충청남도,충남금산군,4471000000,2021,988,52.5,50477,27.2,66.65,490,10528,22,1.957327099
충청남도,충남부여군,4476000000,2021,1692,54.2,63774,16.3,66.1,529,10528,27,2.653118826
충청남도,충남서천군,4477000000,2021,1161,54.9,50745,20.2,68.1,284,10528,41,2.287910139
충청남도,충남청양군,4479000000,2021,349,54.8,30440,24.8,78.6,108,10528,29,1.14651774
충청남도,충남홍성군,4480000000,2021,2039,47.1,99324,31.3,65.4,803,10528,168,2.052877452
충청남도,충남예산군,4481000000,2021,1737,52.6,76801,29.8,66.1,444,10528,114,2.261689301
충청남도,충남태안군,4482500000,2021,641,52.6,61526,23.1,71.35,267,10528,21,1.041835972
전라북도,전북전주완산구,4511100000,2021,8287,43.2,335804,26.5,59,3110,12036,140,2.467808603
전라북도,전북전주덕진구,4511300000,2021,6275,41.2,321465,26.5,59,207,12036,112,1.952000995
전라북도,전북군산시,4513000000,2021,3011,45,265304,27.9,55.75,1449,12036,149,1.134924464
전라북도,전북익산시,4514000000,2021,3563,45.7,278113,24.6,57.25,1343,12036,106,1.281133928
전라북도,전북정읍시,4518000000,2021,1405,50,106487,25.2,64.3,313,12036,15,1.319409881
전라북도,전북남원시,4519000000,2021,2114,50,79431,24,66.6,350,12036,14,2.661429417
전라북도,전북김제시,4521000000,2021,1182,52.3,80913,31.6,63.85,420,12036,1,1.460828297
전라북도,전북완주군,4571000000,2021,432,47.5,91142,24.4,61.9,574,12036,66,0.473985649
전라북도,전북진안군,4572000000,2021,107,54.5,24987,16.7,71.8,80,12036,6,0.428222676
전라북도,전북무주군,4573000000,2021,34,53.5,23748,26.2,74.35,60,12036,10,0.143169951
전라북도,전북장수군,4574000000,2021,70,53.6,21695,23.6,79.15,56,12036,5,0.32265499
전라북도,전북임실군,4575000000,2021,26,54.9,26730,25,72.5,62,12036,13,0.097268986
전라북도,전북순창군,4577000000,2021,265,53.4,26855,16,70.2,148,12036,2,0.98678086
전라북도,전북고창군,4579000000,2021,859,53.6,53386,28.5,67.85,290,12036,17,1.609036077
전라북도,전북부안군,4580000000,2021,805,53.2,50795,27.9,70.1,269,12036,35,1.584801654
전라남도,전남목포시,4611000000,2021,6167,43.7,218589,24.9,56.7,525,8377,99,2.821276459
전라남도,전남여수시,4613000000,2021,3107,45.4,276762,22.2,63.4,993,8377,161,1.122625216
전라남도,전남순천시,4615000000,2021,4059,43,281436,25,62.45,866,8377,160,1.442246195
전라남도,전남나주시,4617000000,2021,996,45.9,116726,25.6,67.1,452,8377,97,0.853280332
전라남도,전남광양시,4623000000,2021,1165,42.3,150531,26.1,65.7,400,8377,158,0.773926965
전라남도,전남담양군,4671000000,2021,365,52.2,46180,19.5,66.85,132,8377,132,0.790385448
전라남도,전남곡성군,4672000000,2021,87,55.2,27535,26.6,68.25,59,8377,17,0.315961504
전라남도,전남구례군,4673000000,2021,58,54.3,25235,14.9,69.5,78,8377,2,0.229839509
전라남도,전남고흥군,4677000000,2021,1855,57,62762,18.3,74.85,306,8377,25,2.955610083
전라남도,전남보성군,4678000000,2021,332,56,39375,20.1,71.85,103,8377,14,0.843174603
전라남도,전남화순군,4679000000,2021,662,49.7,62624,27.3,63.3,198,8377,9,1.057102708
전라남도,전남장흥군,4680000000,2021,228,53.6,36547,31.5,72.3,110,8377,11,0.623854215
전라남도,전남강진군,4681000000,2021,136,53.9,33753,19.5,70.1,42,8377,10,0.402927147
전라남도,전남해남군,4682000000,2021,1872,52.5,67166,24.3,73.9,157,8377,58,2.787124438
전라남도,전남영암군,4683000000,2021,177,49.7,52937,24.7,69.2,185,8377,9,0.334359711
전라남도,전남무안군,4684000000,2021,537,43.8,91107,20.2,59.55,273,8377,24,0.58941684
전라남도,전남함평군,4686000000,2021,164,55.3,31274,26.9,69.75,94,8377,13,0.524397263
전라남도,전남영광군,4687000000,2021,724,49.9,51985,24.2,69.25,106,8377,4,1.392709435
전라남도,전남장성군,4688000000,2021,274,51.4,43365,23.3,67.95,93,8377,27,0.631845959
전라남도,전남완도군,4689000000,2021,68,52.3,48631,26.8,66.75,153,8377,10,0.139828504
전라남도,전남진도군,4690000000,2021,79,53,30066,17.7,73.55,77,8377,7,0.262755272
전라남도,전남신안군,4691000000,2021,28,55.8,38217,13.7,78.15,116,8377,9,0.073265824
경상북도,경북포항남구,4711100000,2021,3504,44.9,230801,23.6,58.25,1005,8414,83,1.518190996
경상북도,경북포항북구,4711300000,2021,5579,44.6,273051,23.6,58.25,1226,8414,94,2.043208045
경상북도,경북경주시,4713000000,2021,4498,47.9,251889,28.8,60.95,1553,8414,60,1.785707196
경상북도,경북김천시,4715000000,2021,3188,47.2,140239,23.9,63.7,843,8414,31,2.273262074
경상북도,경북안동시,4717000000,2021,2722,48.1,156972,24.5,61,494,8414,105,1.734067222
경상북도,경북구미시,4719000000,2021,7114,39.8,412581,24.9,60.3,2210,8414,176,1.724267477
경상북도,경북영주시,4721000000,2021,1406,49.8,101942,22.5,58.35,504,8414,69,1.379215632
경상북도,경북영천시,4723000000,2021,1486,50.7,101888,28.4,66.65,385,8414,25,1.458464196
경상북도,경북상주시,4725000000,2021,1061,52.2,95566,18.9,66.1,273,8414,51,1.110227487
경상북도,경북문경시,4728000000,2021,2730,51.4,71154,24.6,60.65,278,8414,32,3.836748461
경상북도,경북경산시,4729000000,2021,3824,44,268369,25.3,57.25,1994,8414,120,1.424903771
경상북도,경북군위군,4772000000,2021,38,58.4,22945,14.6,72,59,8414,6,0.165613423
경상북도,경북의성군,4773000000,2021,213,58.1,50632,27.3,72.15,210,8414,13,0.420682572
경상북도,경북청송군,4775000000,2021,87,56.4,24539,20.3,78.5,41,8414,1,0.354537675
경상북도,경북영양군,4776000000,2021,0,55.9,16320,23.3,71.55,25,8414,4,0
경상북도,경북영덕군,4777000000,2021,224,55.9,35314,21.1,63.1,154,8414,27,0.634309339
경상북도,경북청도군,4782000000,2021,445,56.4,41891,31.2,70.65,106,8414,8,1.062280681
경상북도,경북고령군,4783000000,2021,11,53.5,30626,18.8,68.7,252,8414,4,0.035917195
경상북도,경북성주군,4784000000,2021,99,54.1,42842,16.5,68.85,227,8414,18,0.231081649
경상북도,경북칠곡군,4785000000,2021,492,44,113822,29.4,61.75,575,8414,49,0.43225387
경상북도,경북예천군,4790000000,2021,83,49.9,55739,26.6,69.3,178,8414,49,0.148908305
경상북도,경북봉화군,4792000000,2021,80,56,30762,17.4,72.85,62,8414,6,0.260061114
경상북도,경북울진군,4793000000,2021,394,50.7,47858,17.4,62.3,220,8414,18,0.823268837
경상북도,경북울릉군,4794000000,2021,0,51.3,8867,19.7,84,16,8414,14,0
경상남도,경남창원의창구,4812100000,2021,2978,42.9,218027,26,58.9,666,5721,132,1.365885877
경상남도,경남창원성산구,4812300000,2021,4989,41,251562,26,58.9,1976,5721,100,1.983208911
경상남도,경남창원마산합포구,4812500000,2021,3459,46.3,181322,26,58.9,2089,5721,77,1.907655993
경상남도,경남창원마산회원구,4812700000,2021,3252,45.2,186881,26,58.9,146,5721,74,1.740144798
경상남도,경남창원진해구,4812900000,2021,1957,41.8,194949,26,58.9,802,5721,97,1.00385229
경상남도,경남진주시,4817000000,2021,8075,43.6,347097,29.3,57.3,2263,5721,129,2.326439007
경상남도,경남통영시,4822000000,2021,1588,46.3,125383,18.1,56.3,540,5721,41,1.266519385
경상남도,경남사천시,4824000000,2021,641,46.9,109953,25.5,62.35,717,5721,13,0.582976363
경상남도,경남김해시,4825000000,2021,5152,41.2,537673,29.3,59.35,3728,5721,230,0.95820322
경상남도,경남밀양시,4827000000,2021,970,51.2,103525,17.8,60.65,441,5721,31,0.936971746
경상남도,경남거제시,4831000000,2021,4080,40.7,241216,13.1,58.75,1476,5721,67,1.691430088
경상남도,경남양산시,4833000000,2021,4998,42.2,354726,26.5,57.05,2282,5721,148,1.408974814
경상남도,경남의령군,4872000000,2021,124,56,26322,20.7,69.05,73,5721,31,0.471088823
경상남도,경남함안군,4873000000,2021,235,49.4,62547,22.2,63.7,583,5721,32,0.37571746
경상남도,경남창녕군,4874000000,2021,625,52.8,60129,15.2,67,484,5721,12,1.039431888
경상남도,경남고성군,4882000000,2021,224,52.6,50478,18.1,66.9,254,5721,15,0.443757677
경상남도,경남남해군,4884000000,2021,135,55.8,42266,23.4,66.65,126,5721,5,0.319405669
경상남도,경남하동군,4885000000,2021,260,55.2,43449,19.5,70.45,153,5721,4,0.598402725
경상남도,경남산청군,4886000000,2021,19,56.2,34360,21.1,73.65,84,5721,14,0.055296857
경상남도,경남함양군,4887000000,2021,315,53.8,38310,24.2,67.55,158,5721,6,0.822239624
경상남도,경남거창군,4888000000,2021,963,49.7,61073,20.5,67,206,5721,15,1.576801533
경상남도,경남합천군,4889000000,2021,151,57.2,42935,21.7,66.6,104,5721,10,0.351694422
제주특별자치도,제주제주시,5011000000,2021,10856,41.9,493096,25.3,65.4,3279,8319,199,2.201599688
제주특별자치도,제주서귀포시,5013000000,2021,2634,45.3,183663,25.3,72.05,943,8319,56,1.434148413
서울특별시,서울종로구,1111000000,2022,12166,45.6,141379,29.6,54.9,112225,6845,44,8.605238402
서울특별시,서울중구,1114000000,2022,7690,46.1,120437,25.6,57.75,128865,6845,44,6.385080997
서울특별시,서울용산구,1117000000,2022,4725,44.4,218650,17.9,60,111690,6845,48,2.16098788
서울특별시,서울성동구,1120000000,2022,6423,43.8,281000,27.2,59.2,168233,6845,53,2.285765125
서울특별시,서울광진구,1121500000,2022,8038,43.3,337416,27.5,59.75,193320,6845,43,2.382222538
서울특별시,서울동대문구,1123000000,2022,7726,44.5,336644,19.3,53.95,185533,6845,45,2.295006
서울특별시,서울중랑구,1126000000,2022,9833,45.7,385318,30.8,56.75,193256,6845,59,2.551918156
서울특별시,서울성북구,1129000000,2022,6379,44,430397,28.4,54.25,216777,6845,53,1.482119996
서울특별시,서울강북구,1130500000,2022,4964,47.3,293660,23.5,53.05,154069,6845,59,1.690390247
서울특별시,서울도봉구,1132000000,2022,4856,46.7,311694,29.1,55.15,160509,6845,71,1.557938234
서울특별시,서울노원구,1135000000,2022,10838,44.4,503734,19.9,55.55,267026,6845,180,2.151532356
서울특별시,서울은평구,1138000000,2022,9361,45.1,466746,21.9,56.1,251343,6845,110,2.005587622
서울특별시,서울서대문구,1141000000,2022,7983,44.1,306337,25.5,54.5,167685,6845,58,2.605953574
서울특별시,서울마포구,1144000000,2022,18669,42.6,364638,25.5,60.65,221338,6845,87,5.119872312
서울특별시,서울양천구,1147000000,2022,7385,43.4,440881,24.7,57.9,245201,6845,96,1.675055174
서울특별시,서울강서구,1150000000,2022,12643,43.5,569166,24.2,60,313326,6845,151,2.221320318
서울특별시,서울구로구,1153000000,2022,10136,44.6,395315,26.5,60.95,235649,6845,61,2.564031216
서울특별시,서울금천구,1154500000,2022,6621,45.2,229642,26.1,61.1,138537,6845,54,2.88318339
서울특별시,서울영등포구,1156000000,2022,9917,43.4,375675,27.7,61.9,249860,6845,54,2.639781726
서울특별시,서울동작구,1159000000,2022,11375,43.8,380596,23.5,57.4,201024,6845,57,2.98873346
서울특별시,서울관악구,1162000000,2022,14229,43.1,486752,30.9,58.4,252078,6845,78,2.923254553
서울특별시,서울서초구,1165000000,2022,22069,42.1,404325,27.6,57.6,251669,6845,137,5.458232857
서울특별시,서울강남구,1168000000,2022,32947,42.3,529102,27.7,57.25,370766,6845,130,6.226965689
서울특별시,서울송파구,1171000000,2022,20329,42.6,658801,27.6,58.95,385682,6845,142,3.085757308
서울특별시,서울강동구,1174000000,2022,14333,43.4,460067,20.9,60.25,260837,6845,76,3.115415798
부산광역시,부산진구,2611000000,2022,13813,50.7,355917,23.9,54.95,164145,8119,31,3.880961011
부산광역시,부산수영구,2614000000,2022,10332,49,174806,25.2,51.15,83265,8119,21,5.910552269
부산광역시,부산동구,2617000000,2022,4804,49.9,86462,18,51.05,60357,8119,6,5.556198099
부산광역시,부산중구,2620000000,2022,1985,51.1,39689,22.1,49.65,20453,8119,5,5.001385774
부산광역시,부산북구,2623000000,2022,4356,46,278857,27.7,54.2,130818,8119,81,1.562090964
부산광역시,부산동래구,2626000000,2022,8668,44.9,273226,21.4,53.75,147209,8119,49,3.172465285
부산광역시,부산남구,2629000000,2022,6299,46.1,256333,22.3,52.5,121188,8119,42,2.4573504
부산광역시,부산사상구,2632000000,2022,3760,46,203789,20.5,53.55,110763,8119,35,1.845045611
부산광역시,부산해운대구,2635000000,2022,8064,45.3,386785,20.4,53.3,188235,8119,72,2.084879196
부산광역시,부산서구,2638000000,2022,1323,46.6,105192,24.7,54.5,63569,8119,7,1.257700205
부산광역시,부산금정구,2641000000,2022,4509,47.4,221256,21.6,51.2,111755,8119,40,2.037910836
부산광역시,부산강서구,2644000000,2022,1284,39.6,143207 ,23.7,64.85,76022,8119,88,0.896604216
부산광역시,부산영도구,2647000000,2022,2538,46.1,108156,19.7,55.1,47390,8119,14,2.346610452
부산광역시,부산연제구,2650000000,2022,5650,46.8,203536,20.6,54.7,126991,8119,26,2.775921704
부산광역시,부산사하구,2653000000,2022,5037,47,301987,25.2,56.7,144374,8119,62,1.667952594
부산광역시,부산기장군,2671000000,2022,3714,42.7,178614,23.5,56.85,95000,8119,132,2.079344284
대구광역시,대구중구,2711000000,2022,4799,44.4,80199,28.2,57.6,50585,6296,23,5.983865135
대구광역시,대구동구,2714000000,2022,6490,46.1,339530,22.1,55.8,169854,6296,114,1.91146585
대구광역시,대구서구,2717000000,2022,3486,49.8,159827,21,52.45,110670,6296,21,2.181108323
대구광역시,대구남구,2720000000,2022,3185,48.5,141519,22,50.7,82681,6296,22,2.250581194
대구광역시,대구북구,2723000000,2022,7607,43.6,430912,25.5,55.65,217198,6296,102,1.765325635
대구광역시,대구수성구,2726000000,2022,13067,43.8,411553,20.5,53.15,200261,6296,91,3.175046713
대구광역시,대구달서구,2729000000,2022,11767,44,536989,21.3,55.6,283783,6296,186,2.191292559
대구광역시,대구달성군,2771000000,2022,2689,41.6,263162,23.3,63,130658,6296,97,1.02180406
인천광역시,인천중구,2811000000,2022,3807,42.2,152931,26.8,60.55,94937,6413,127,2.489357946
인천광역시,인천동구,2814000000,2022,709,48.1,58999,22.3,56.65,46592,6413,15,1.201715283
인천광역시,인천미추홀구,2817700000,2022,6981,44.9,406004,27.6,59.9,208473,6413,32,1.719441188
인천광역시,인천연수구,2818500000,2022,4757,40.4,385796,23.2,59.4,250250,6413,116,1.233035076
인천광역시,인천남동구,2820000000,2022,11443,43.5,506181,24.3,59.1,274975,6413,159,2.260653798
인천광역시,인천부평구,2823700000,2022,14344,44.4,489118,32.2,60.55,255687,6413,93,2.932625665
인천광역시,인천계양구,2824500000,2022,5209,44.5,288856,29.3,61.45,156484,6413,67,1.803320686
인천광역시,인천서구,2826000000,2022,9939,40.8,589013,23.8,63.6,323736,6413,140,1.68739909
인천광역시,인천강화군,2871000000,2022,575,54,69803,20.8,65.1,32169,6413,5,0.82374683
인천광역시,인천옹진군,2872000000,2022,0,51.2,20613,22,76.2,6339,6413,0,0
광주광역시,광주동구,2911000000,2022,3000,45.4,105909,22.2,56.5,66554,10054,82,2.832620457
광주광역시,광주서구,2914000000,2022,7436,43,287401,26.9,59.4,173767,10054,171,2.587325723
광주광역시,광주남구,2915500000,2022,3634,43.9,212379,19.1,58.3,122385,10054,50,1.711091963
광주광역시,광주북구,2917000000,2022,9997,43.3,424707,30.8,55.55,228112,10054,216,2.353858072
광주광역시,광주광산구,2920000000,2022,6800,39.5,400654,24.8,61.25,250208,10054,374,1.697225037
대전광역시,대전동구,3011000000,2022,3695,45.6,219751,20.5,53.7,123054,10246,51,1.681448549
대전광역시,대전중구,3014000000,2022,7428,46,227108,32.7,57.95,126918,10246,51,3.270690597
대전광역시,대전서구,3017000000,2022,12473,41.9,470374,19.5,59.45,261243,10246,110,2.651719695
대전광역시,대전유성구,3020000000,2022,6786,39.6,356093,28.2,63.35,237359,10246,158,1.905681943
대전광역시,대전대덕구,3023000000,2022,2977,45.2,172746,25.7,59.75,87749,10246,83,1.72333947
울산광역시,울산중구,3111000000,2022,3646,44.9,208132,21.4,55.15,109990,7698,117,1.751772913
울산광역시,울산남구,3114000000,2022,10717,43,310638,21.7,58.2,195628,7698,120,3.449996459
울산광역시,울산동구,3117000000,2022,605,42.7,151711,20.2,56.8,82255,7698,67,0.398784531
울산광역시,울산북구,3120000000,2022,785,39.7,218670,22.5,59.55,131379,7698,77,0.35898843
울산광역시,울산울주군,3171000000,2022,1181,44.5,221512,23,58.8,92057,7698,104,0.53315396
세종특별자치시,세종시,3611000000,2022,9477,38.1,383591,20.1,63.7,228054,7058,88,2.470600197
경기도,경기수원장안구,4111100000,2022,4869,42.9,270524,23.3,61.85,149240,6716,58,1.79984031
경기도,경기수원권선구,4111300000,2022,3444,41.7,367446,23.3,61.85,193450,6716,145,0.93728058
경기도,경기수원팔달구,4111500000,2022,11240,43.3,192610,23.3,61.85,131632,6716,43,5.835626395
경기도,경기수원영통구,4111700000,2022,7425,38.3,360384,23.3,61.85,217157,6716,89,2.060302344
경기도,경기성남수정구,4113100000,2022,5337,44.6,230460,25.3,61,128643,6716,26,2.315803176
경기도,경기성남중원구,4113300000,2022,4434,44.7,210505,25.3,61,106936,6716,42,2.106363269
경기도,경기성남분당구,4113500000,2022,24329,41.7,481553,25.3,61,299957,6716,135,5.052195708
경기도,경기의정부시,4115000000,2022,12540,43.8,463724,26.3,57.3,252968,6716,110,2.704194737
경기도,경기안양만안구,4117100000,2022,5765,44.9,234394,25.8,58.95,126176,6716,50,2.459533947
경기도,경기안양동안구,4117300000,2022,9154,42,313834,25.8,58.95,186420,6716,82,2.916828642
경기도,경기부천시,4119000000,2022,17492,44,790128,26.9,59.65,427063,6716,198,2.213818521
경기도,경기광명시,4121000000,2022,6559,43,287945,21.9,58.15,175003,6716,86,2.277865565
경기도,경기평택시,4122000000,2022,9782,41.1,578529,27.8,64.05,358424,6716,537,1.690840044
경기도,경기동두천시,4125000000,2022,2443,46.9,91546,23.5,55.7,46361,6716,40,2.668603762
경기도,경기안산상록구,4127100000,2022,3773,42.8,344664,28.5,62.25,161084,6716,108,1.094689321
경기도,경기안산단원구,4127300000,2022,8762,42.4,296996,28.5,62.25,186436,6716,91,2.950208084
경기도,경기고양덕양구,4128100000,2022,6031,43.5,490088,24.7,60.7,259332,6716,122,1.230595322
경기도,경기고양일산동구,4128500000,2022,9470,43.2,296122,24.7,60.7,165970,6716,78,3.198006227
경기도,경기고양일산서구,4128700000,2022,9655,43.1,290325,24.7,60.7,161166,6716,62,3.325583398
경기도,경기과천시,4129000000,2022,32,41.6,78137,23.9,58.65,45187,6716,23,0.04095371
경기도,경기구리시,4131000000,2022,6092,43.6,188701,21.5,60.55,112982,6716,64,3.228387767
경기도,경기남양주시,4136000000,2022,12336,42.6,737353,25.2,57.6,381036,6716,175,1.673011434
경기도,경기오산시,4137000000,2022,3952,39.9,229849,24,63.65,144222,6716,121,1.719389686
경기도,경기시흥시,4139000000,2022,7091,40.5,512912,23.2,64.15,302311,6716,141,1.382498362
경기도,경기군포시,4141000000,2022,6066,43.4,266213,29.3,59.9,154041,6716,125,2.278626513
경기도,경기의왕시,4143000000,2022,1171,43.3,160221,25.4,58.35,94795,6716,78,0.730865492
경기도,경기하남시,4145000000,2022,5586,41,326059,24.7,62.2,177721,6716,50,1.713186877
경기도,경기용인처인구,4146100000,2022,3380,43.4,259288,21.2,58.55,174195,6716,39,1.303569776
경기도,경기용인기흥구,4146300000,2022,7996,41.4,438235,21.2,58.55,231499,6716,147,1.824591829
경기도,경기용인수지구,4146500000,2022,6106,40.9,377448,21.2,58.55,194903,6716,94,1.61770628
경기도,경기파주시,4148000000,2022,7424,42,495315,23.4,60.9,275811,6716,163,1.49884417
경기도,경기이천시,4150000000,2022,4927,42.6,222721,22.4,67.1,139796,6716,38,2.212184751
경기도,경기안성시,4155000000,2022,1499,45.1,188842,26.2,64.3,99064,6716,56,0.793785281
경기도,경기김포시,4157000000,2022,4495,40.8,484267,24.8,61.8,290440,6716,190,0.92820696
경기도,경기화성시,4159000000,2022,14075,38.4,910814,23.5,66.75,564132,6716,609,1.545320999
경기도,경기광주시,4161000000,2022,4288,43,391462,18,63.85,192515,6716,53,1.095380905
경기도,경기양주시,4163000000,2022,2241,43.5,243432,27.8,58,123548,6716,99,0.920585626
경기도,경기포천시,4165000000,2022,897,48,146701,25.5,63.05,76568,6716,46,0.611447775
경기도,경기여주시,4167000000,2022,2723,48,113150,24.3,62.8,57569,6716,22,2.406539991
경기도,경기연천군,4180000000,2022,448,50,42062,24.9,62.4,24614,6716,17,1.065094384
경기도,경기가평군,4182000000,2022,589,50.7,62150,17.3,61.85,32571,6716,16,0.94770716
경기도,경기양평군,4183000000,2022,944,50,122323,26.7,58.9,57806,6716,43,0.771727312
강원도,강원춘천시,4211000000,2022,6819,44.6,286664,26.4,58.75,170404,12063,280,2.378743058
강원도,강원원주시,4213000000,2022,8467,43.7,360807,28.8,59.8,205008,12063,193,2.346683961
강원도,강원강릉시,4215000000,2022,5900,47.4,211381,25.1,60.6,115513,12063,175,2.791168553
강원도,강원동해시,4217000000,2022,1405,46.7,89426,20.8,60.65,47787,12063,11,1.571131438
강원도,강원태백시,4219000000,2022,194,49.7,39428,23.3,63.05,21770,12063,47,0.492036116
강원도,강원속초시,4221000000,2022,1711,46.5,82806,17.2,61.9,45886,12063,90,2.066275391
강원도,강원삼척시,4223000000,2022,1593,49.5,63455,24.6,61.25,28749,12063,49,2.51044047
강원도,강원홍천군,4272000000,2022,1694,51.2,67977,25.4,71.5,35711,12063,54,2.492019359
강원도,강원횡성군,4273000000,2022,132,53,46532,23,67.4,19782,12063,62,0.28367575
강원도,강원영월군,4275000000,2022,197,53,37728,24.3,69.1,15895,12063,40,0.522158609
강원도,강원평창군,4276000000,2022,256,53,40990,23.6,71.4,15478,12063,48,0.624542571
강원도,강원정선군,4277000000,2022,33,52.6,34931,24,70.5,13197,12063,72,0.094471959
강원도,강원철원군,4278000000,2022,26,47.5,42256,23.1,66.1,27797,12063,48,0.061529724
강원도,강원화천군,4279000000,2022,12,47.5,23388,22.9,73,20949,12063,30,0.051308363
강원도,강원양구군,4280000000,2022,46,46.5,21383,26,70.95,15504,12063,10,0.215124164
강원도,강원인제군,4281000000,2022,0,46.3,32206,26.5,71.55,21267,12063,31,0
강원도,강원고성군,4282000000,2022,0,52,27274,17.1,70.85,13759,12063,58,0
강원도,강원양양군,4283000000,2022,118,52.9,27866,27.6,69.25,12973,12063,18,0.423455107
충청북도,충북청주상당구,4311100000,2022,7205,43.4,196425,24.6,63.55,119361,11335,89,3.668066692
충청북도,충북청주서원구,4311200000,2022,4694,43.8,191273,24.6,63.55,115280,11335,89,2.454083953
충청북도,충북청주흥덕구,4311300000,2022,5430,40.8,268051,24.6,63.55,151830,11335,152,2.025733909
충청북도,충북청주청원구,4311400000,2022,4188,41.2,193824,24.6,63.55,113752,11335,104,2.16072313
충청북도,충북충주시,4313000000,2022,3921,46.8,208277,25.1,64.25,117838,11335,121,1.882589052
충청북도,충북제천시,4315000000,2022,4306,48,130988,29.6,61.25,70299,11335,67,3.28732403
충청북도,충북보은군,4372000000,2022,442,55.3,31455,31.8,68.45,14898,11335,6,1.405182006
충청북도,충북옥천군,4373000000,2022,909,52.7,49520,22.3,65.7,23356,11335,9,1.835621971
충청북도,충북영동군,4374000000,2022,987,53.9,44956,21.8,64.65,21152,11335,3,2.195480025
충청북도,충북증평군,4374500000,2022,626,44.7,37262,24.9,65.35,23690,11335,30,1.679995706
충청북도,충북진천군,4375000000,2022,1582,43.8,86147,27.6,70.55,53003,11335,36,1.836395928
충청북도,충북괴산군,4376000000,2022,468,56.3,37055,16.6,67.6,16067,11335,24,1.262987451
충청북도,충북음성군,4377000000,2022,796,48.5,92058,26.4,69.9,49063,11335,38,0.864672272
충청북도,충북단양군,4380000000,2022,27,54.5,27767,22.3,66.4,11235,11335,26,0.097237728
충청남도,충남천안동남구,4413100000,2022,5197,43.4,255647,25.4,64.05,128554,11185,150,2.032881278
충청남도,충남천안서북구,4413300000,2022,9399,39,401912,25.4,64.05,262714,11185,202,2.338571628
충청남도,충남공주시,4415000000,2022,3031,50.3,102571,25.3,61.55,48641,11185,61,2.955026274
충청남도,충남보령시,4418000000,2022,1350,50.1,97157,21.1,65.2,43699,11185,93,1.389503587
충청남도,충남아산시,4420000000,2022,4772,41.1,334539,29.3,63.65,185757,11185,121,1.426440564
충청남도,충남서산시,4421000000,2022,1480,45,176413,25.9,68.7,96565,11185,196,0.838940441
충청남도,충남논산시,4423000000,2022,3890,50.2,112617,22,62.75,73663,11185,114,3.454185425
충청남도,충남계룡시,4425000000,2022,10,41.1,44475,23.8,55.95,25233,11185,51,0.022484542
충청남도,충남당진시,4427000000,2022,4864,45,168253,24,69.5,91586,11185,306,2.890884561
충청남도,충남금산군,4471000000,2022,1032,53.2,50092,23.8,64.4,23497,11185,22,2.060209215
충청남도,충남부여군,4476000000,2022,1871,54.9,62343,22.3,66.75,26814,11185,27,3.001138861
충청남도,충남서천군,4477000000,2022,1179,55.5,49964,21.9,67.5,23145,11185,41,2.359698983
충청남도,충남청양군,4479000000,2022,291,55.2,30266,23,76.5,11842,11185,29,0.961474922
충청남도,충남홍성군,4480000000,2022,2041,47.8,98068,25.5,66.95,54634,11185,167,2.081208957
충청남도,충남예산군,4481000000,2022,2157,53,77385,19.6,68.6,33379,11185,114,2.787361892
충청남도,충남태안군,4482500000,2022,505,53.4,61335,29.1,71.5,25935,11185,21,0.823347192
전라북도,전북전주완산구,4511100000,2022,8548,43.8,332573,25.7,59.75,256216,13975,139,2.570262769
전라북도,전북전주덕진구,4511300000,2022,6316,41.8,318922,25.7,59.75,134510,13975,112,1.980421545
전라북도,전북군산시,4513000000,2022,3186,45.6,262467,26.2,55.95,139978,13975,147,1.213866886
전라북도,전북익산시,4514000000,2022,4539,46.4,273697,24.3,58.35,150255,13975,103,1.658403271
전라북도,전북정읍시,4518000000,2022,1464,50.6,105081,27.2,65.35,50273,13975,15,1.393210952
전라북도,전북남원시,4519000000,2022,2055,50.8,77948,25,67.2,40147,13975,14,2.636372967
전라북도,전북김제시,4521000000,2022,1176,52.6,81455,24.9,64.95,38165,13975,1,1.443741943
전라북도,전북완주군,4571000000,2022,567,47.8,92422,15.3,62.7,53723,13975,65,0.613490295
전라북도,전북진안군,4572000000,2022,92,55.4,24550,22.1,73.45,9311,13975,6,0.374745418
전라북도,전북무주군,4573000000,2022,61,54.2,23489,24,74.45,11874,13975,11,0.259696028
전라북도,전북장수군,4574000000,2022,331,54.3,21336,23.2,78.3,8637,13975,4,1.551368579
전라북도,전북임실군,4575000000,2022,51,55.5,26508,26,71,12624,13975,13,0.192394749
전라북도,전북순창군,4577000000,2022,224,53.9,26727,24.8,71.6,11754,13975,2,0.83810379
전라북도,전북고창군,4579000000,2022,872,54.3,52338,26.7,69.75,24140,13975,15,1.666093469
전라북도,전북부안군,4580000000,2022,617,53.9,50094,24.3,71.5,21640,13975,35,1.231684433
전라남도,전남목포시,4611000000,2022,6293,44.3,216939,26.3,58.25,133198,8834,99,2.900815437
전라남도,전남여수시,4613000000,2022,3609,45.9,274765,20.3,63.6,146930,8834,160,1.31348607
전라남도,전남순천시,4615000000,2022,4307,43.6,278737,20.2,63.05,164479,8834,160,1.54518417
전라남도,전남나주시,4617000000,2022,1194,46.4,116456,25,65.45,66381,8834,95,1.025279934
전라남도,전남광양시,4623000000,2022,926,42.8,152168,22.9,66.75,78468,8834,158,0.608537932
전라남도,전남담양군,4671000000,2022,371,52.8,45792,19.8,65.7,19347,8834,132,0.810185185
전라남도,전남곡성군,4672000000,2022,52,56,27060,21.3,69.45,12178,8834,17,0.192165558
전라남도,전남구례군,4673000000,2022,54,55.1,24655,14.4,70.05,11663,8834,1,0.219022511
전라남도,전남고흥군,4677000000,2022,1549,57.6,61880,11.6,74.05,25879,8834,23,2.503232062
전라남도,전남보성군,4678000000,2022,285,56.8,38471,26,73.6,17718,8834,11,0.740817759
전라남도,전남화순군,4679000000,2022,697,50.3,62024,23.9,65.75,33317,8834,9,1.123758545
전라남도,전남장흥군,4680000000,2022,210,54.2,35650,20.4,72.6,16551,8834,11,0.589060309
전라남도,전남강진군,4681000000,2022,124,54.4,33177,26.7,68.7,14334,8834,10,0.373752901
전라남도,전남해남군,4682000000,2022,1946,53.2,65831,22.3,73.05,28922,8834,58,2.956054139
전라남도,전남영암군,4683000000,2022,171,50.3,52395,15.8,70.5,23429,8834,9,0.32636702
전라남도,전남무안군,4684000000,2022,519,44.2,90608,17.5,62.75,51761,8834,22,0.572797104
전라남도,전남함평군,4686000000,2022,274,55.9,30784,19.3,70.5,12805,8834,12,0.890072765
전라남도,전남영광군,4687000000,2022,812,50.2,52197,24.8,67.55,24117,8834,3,1.55564496
전라남도,전남장성군,4688000000,2022,251,52,43146,23.6,67.25,19474,8834,26,0.581745701
전라남도,전남완도군,4689000000,2022,125,52.9,47597,21.7,68.65,19336,8834,10,0.262621594
전라남도,전남진도군,4690000000,2022,60,53.6,29507,16.5,75.6,11570,8834,7,0.20334158
전라남도,전남신안군,4691000000,2022,21,56.3,37858,14.4,78.5,9580,8834,9,0.055470442
경상북도,경북포항남구,4711100000,2022,3526,45.5,227486,22.6,59.1,137483,9057,90,1.549985494
경상북도,경북포항북구,4711300000,2022,5636,45.3,269164,22.6,59.1,132033,9057,94,2.093890713
경상북도,경북경주시,4713000000,2022,4704,48.5,249607,22.9,60.9,113860,9057,59,1.884562532
경상북도,경북김천시,4715000000,2022,3207,47.7,139324,24,64.9,69278,9057,28,2.301828831
경상북도,경북안동시,4717000000,2022,2749,48.7,154610,25.4,60.5,81644,9057,104,1.77802212
경상북도,경북구미시,4719000000,2022,7714,40.5,408110,25,62.1,235798,9057,171,1.890176668
경상북도,경북영주시,4721000000,2022,1200,50.3,100749,21,60.4,53445,9057,69,1.19107882
경상북도,경북영천시,4723000000,2022,1411,51.3,101088,24,66.6,46255,9057,24,1.395813549
경상북도,경북상주시,4725000000,2022,1207,52.7,94823,19,66.7,41192,9057,48,1.272897926
경상북도,경북문경시,4728000000,2022,2589,51.9,70373,24.5,61.9,34779,9057,32,3.678967786
경상북도,경북경산시,4729000000,2022,4657,44.5,267725,25.9,58,149474,9057,120,1.739471473
경상북도,경북군위군,4772000000,2022,24,58.8,23340,20.6,72.4,8163,9057,6,0.102827763
경상북도,경북의성군,4773000000,2022,182,58.5,50186,20.9,72.9,19615,9057,13,0.362650939
경상북도,경북청송군,4775000000,2022,91,57.1,24295,18.5,80.6,10180,9057,1,0.374562667
경상북도,경북영양군,4776000000,2022,0,56.6,16022,22.5,74.9,5912,9057,4,0
경상북도,경북영덕군,4777000000,2022,178,56.4,34650,19.5,62.85,15386,9057,26,0.513708514
경상북도,경북청도군,4782000000,2022,383,57,41614,23.6,72.4,16578,9057,8,0.920363339
경상북도,경북고령군,4783000000,2022,0,54.2,30353,20.9,67.5,11388,9057,4,0
경상북도,경북성주군,4784000000,2022,64,54.9,42566,22.1,67.7,15074,9057,19,0.150354743
경상북도,경북칠곡군,4785000000,2022,494,44.8,112487,19.9,62.05,52650,9057,47,0.439161859
경상북도,경북예천군,4790000000,2022,82,50.2,55755,23.9,68.4,27804,9057,48,0.147072011
경상북도,경북봉화군,4792000000,2022,95,56.8,30139,24.4,74.45,10932,9057,6,0.315206211
경상북도,경북울진군,4793000000,2022,399,51.3,47030,24.4,61.8,20336,9057,18,0.848394642
경상북도,경북울릉군,4794000000,2022,0,51.9,8996,18.6,83.05,2133,9057,13,0
경상남도,경남창원의창구,4812100000,2022,2453,43.7,215823,23.7,59.45,117499,6119,132,1.136579512
경상남도,경남창원성산구,4812300000,2022,5900,41.7,248512,23.7,59.45,164171,6119,99,2.374130827
경상남도,경남창원마산합포구,4812500000,2022,3316,46.9,179496,23.7,59.45,112409,6119,77,1.847394928
경상남도,경남창원마산회원구,4812700000,2022,2829,45.9,183662,23.7,59.45,75342,6119,74,1.540329518
경상남도,경남창원진해구,4812900000,2022,1826,42.5,193994,23.7,59.45,105415,6119,96,0.941266225
경상남도,경남진주시,4817000000,2022,9017,44.2,343782,20.4,59.45,184393,6119,130,2.622883106
경상남도,경남통영시,4822000000,2022,1465,47.1,122681,21.9,56.85,56334,6119,39,1.194153944
경상남도,경남사천시,4824000000,2022,671,47.5,109369,23.7,63.3,58781,6119,12,0.61351937
경상남도,경남김해시,4825000000,2022,6023,41.9,535129,27.6,60.3,285635,6119,229,1.125523005
경상남도,경남밀양시,4827000000,2022,1551,51.9,102945,20.3,61.1,46825,6119,28,1.506629754
경상남도,경남거제시,4831000000,2022,4131,41.7,236662,16.3,59.9,126253,6119,67,1.745527377
경상남도,경남양산시,4833000000,2022,5829,42.9,353792,23.4,57.65,191579,6119,145,1.647578238
경상남도,경남의령군,4872000000,2022,118,56.6,26061,20.7,69.15,10095,6119,31,0.452783853
경상남도,경남함안군,4873000000,2022,232,50.2,61456,23.9,62.65,26424,6119,30,0.377505858
경상남도,경남창녕군,4874000000,2022,553,53.7,58372,16.7,66.3,24709,6119,10,0.947372028
경상남도,경남고성군,4882000000,2022,178,53.3,50448,22.3,65.55,20498,6119,15,0.352838566
경상남도,경남남해군,4884000000,2022,142,56.3,41579,18.9,68.1,15445,6119,5,0.341518555
경상남도,경남하동군,4885000000,2022,244,56,42465,22.6,72,16356,6119,5,0.57459084
경상남도,경남산청군,4886000000,2022,50,56.8,34028,17.2,73.1,13267,6119,14,0.146937816
경상남도,경남함양군,4887000000,2022,283,54.5,37708,27.5,68.85,15896,6119,6,0.750503872
경상남도,경남거창군,4888000000,2022,794,50.4,60387,23.2,67,29267,6119,14,1.314852534
경상남도,경남합천군,4889000000,2022,185,57.8,42142,23.1,67.95,15704,6119,1,0.438991979
제주특별자치도,제주제주시,5011000000,2022,11503,42.5,493389,25,67.15,271444,8662,198,2.331426116
제주특별자치도,제주서귀포시,5013000000,2022,2743,45.8,184770,25,72.95,89872,8662,54,1.484548357
